name,sales,zipcode,address,store,first_sale,last_sale
HY-VEE FOOD STORE #1 / AMES,110390,50010,3800 W LINCOLN WAY,2500,2012-01-09T00:00:00Z,2022-10-26T00:00:00Z
HY-VEE FOOD STORE / MARION,95967,52302,3600 BUSINESS HWY 151 EAST,2560,2012-01-05T00:00:00Z,2022-10-28T00:00:00Z
HY-VEE WINE AND SPIRITS / ANKENY,95885,50021,410 NORTH ANKENY BLVD,2502,2012-01-04T00:00:00Z,2022-10-28T00:00:00Z
HY-VEE / WINDSOR HEIGHTS,87352,50311,7101 UNIVERSITY AVE,2620,2012-01-05T00:00:00Z,2022-10-26T00:00:00Z
HY-VEE FOOD STORE / DUBUQUE,83296,52001,3500 DODGE ST,2524,2012-01-03T00:00:00Z,2022-10-28T00:00:00Z
HY-VEE WINE AND SPIRITS / WATERLOO,82420,50701,2126 KIMBALL AVE,2643,2012-01-09T00:00:00Z,2022-10-25T00:00:00Z
HY-VEE FOOD STORE #2 / IOWA CITY,74161,52240,812  S 1ST AVE,2513,2012-01-05T00:00:00Z,2022-09-28T00:00:00Z
HY-VEE FOOD STORE #3 / DES MOINES,73472,50315,3221 SE 14TH ST,2528,2012-01-05T00:00:00Z,2022-10-31T00:00:00Z
HY-VEE WINE AND SPIRITS #2,60878,52804,3301 W KIMBERLY RD,2625,2012-01-03T00:00:00Z,2017-12-06T00:00:00Z
HY-VEE FOOD STORE #1 / WDM,60461,50265,1700 VALLEY WEST DR,2535,2012-01-04T00:00:00Z,2022-05-24T00:00:00Z
HY-VEE FOOD STORE / INDIANOLA,56074,50125,910 N JEFFERSON,2549,2012-01-03T00:00:00Z,2022-10-25T00:00:00Z
HY-VEE FOOD STORE / CHARITON,47476,50049,2001 WEST COURT,2551,2012-01-09T00:00:00Z,2022-10-28T00:00:00Z
HY-VEE WINE & SPIRITS #2 / DAVENPORT,44113,52804,3301 W KIMBERLY RD,2625,2017-12-13T00:00:00Z,2022-10-31T00:00:00Z
BIG G FOOD STORE,39320,52301,PO BOX 261  310 W DILLON,3417,2012-01-04T00:00:00Z,2022-10-31T00:00:00Z
WAL-MART 3630 / MARION,37016,52302,5491 BUSINESS HWY 151,3868,2012-01-05T00:00:00Z,2023-07-28T00:00:00Z
HY-VEE WINE AND SPIRITS / SPIRIT LAKE,35198,51360,HWY 9 & 71,2522,2016-08-31T00:00:00Z,2022-04-20T00:00:00Z
WAL-MART 1965 / COUNCIL BLUFFS,33614,51503,3200 MANAWA DR,3629,2012-01-03T00:00:00Z,2022-10-27T00:00:00Z
QUILLINS FOOD RANCH / WAUKON,33148,52172,9TH ST SW B,3857,2012-01-09T00:00:00Z,2023-03-31T00:00:00Z
HY-VEE FOOD STORE / KNOXVILLE,32421,50138,813 N LINCOLN STE 1,2566,2012-01-04T00:00:00Z,2022-10-28T00:00:00Z
HY-VEE FOOD STORE / IOWA FALLS,31427,50126,HIGHWAY 65 SOUTH,2539,2012-01-16T00:00:00Z,2022-12-19T00:00:00Z
LIQUOR LOCKER,31281,51246,507 1ST AVE #100,3705,2012-01-04T00:00:00Z,2022-10-25T00:00:00Z
HY-VEE WINE AND SPIRITS / SPIRIT LAK,29615,51360,HWY 9 & 71,2522,2012-01-03T00:00:00Z,2016-08-24T00:00:00Z
NEW STAR LIQUOR / W 4TH S / WATERLOO,28736,50701,1625 WEST 4TH ST,3993,2012-01-09T00:00:00Z,2022-10-25T00:00:00Z
SUPER QUICK 2 / HUBBELL,26811,50317,1824 HUBBELL AVE,4169,2012-01-18T00:00:00Z,2022-10-28T00:00:00Z
MAD AVE QUIK SHOP,26269,52501,"405, MADISON AVE",5257,2016-04-27T00:00:00Z,2022-10-28T00:00:00Z
WINE AND SPIRITS GALLERY,23918,50322,7690 HICKMAN RD,3762,2012-01-03T00:00:00Z,2018-08-20T00:00:00Z
MCNALLY'S SUPER VALU,22198,50112,1026 MAIN,3054,2012-01-05T00:00:00Z,2022-10-25T00:00:00Z
RUBACK'S FOOD CENTER,20329,51560,504 SOUTH HIGHWAY,2445,2012-01-03T00:00:00Z,2023-03-31T00:00:00Z
GD XPRESS / DAVENPORT,20194,52804,4607 N PINE ST,4638,2012-03-15T00:00:00Z,2022-04-25T00:00:00Z
HY-VEE  #2 / AMES,19684,50010,640 LINCOLNWAY,2501,2020-09-02T00:00:00Z,2022-10-26T00:00:00Z
SMOKIN' JOE'S #14 TOBACCO AND LIQUOR,18509,52405,225 EDGEWOOD RD,3912,2012-01-05T00:00:00Z,2016-08-23T00:00:00Z
WAL-MART 1491 / INDIANOLA,18095,50125,1500 NORTH JEFFERSON,3651,2012-01-03T00:00:00Z,2022-10-25T00:00:00Z
HY-VEE WINE AND SPIRITS / ESTHERVILL,17948,51334,2608 E. CENTRAL AVENUE,2556,2012-01-03T00:00:00Z,2016-08-24T00:00:00Z
FAREWAY STORES #058 / ORANGE CITY,16719,51041,512  8TH SE,4255,2012-01-09T00:00:00Z,2022-10-25T00:00:00Z
WAL-MART 1506 / MANCHESTER,15707,52057,1220 WEST MAIN,4019,2012-01-16T00:00:00Z,2022-10-25T00:00:00Z
SMOKIN' JOE'S #13 TOBACCO AND LIQUOR OUTLET,15068,52303,2315 MT VERNON RD SE,5142,2017-12-12T00:00:00Z,2022-10-27T00:00:00Z
WAL-MART 1732 / DENISON,14915,51442,510 C AVE,4014,2012-01-04T00:00:00Z,2023-03-28T00:00:00Z
FAREWAY STORES #983 / GRIMES,13985,50111,351 GATEWAY DR,4136,2012-01-16T00:00:00Z,2021-11-30T00:00:00Z
FAREWAY STORES #061 / ANKENY,13834,50023,3205 NORTH ANKENY BLVD,4084,2012-01-09T00:00:00Z,2022-09-28T00:00:00Z
AJ'S LIQUOR / AMES,13624,50014,4518 MORTENSON RD STE 109,4251,2012-01-05T00:00:00Z,2019-01-18T00:00:00Z
REINHART FOODS,13580,50115,200 STATE PO BOX 98,2459,2012-01-03T00:00:00Z,2022-01-28T00:00:00Z
PRAIRIE MEADOWS,13147,50009,ONE PRAIRIE MEADOWS DRIVE,2478,2012-01-05T00:00:00Z,2022-09-29T00:00:00Z
SMOKIN' JOE'S #14 TOBACCO AND LIQUOR OUTLET,13139,52405,225 EDGEWOOD RD,3912,2016-08-31T00:00:00Z,2022-05-31T00:00:00Z
KUM & GO #573 / SE 14TH DM,12903,50315,5830 SE 14TH ST,4641,2012-02-23T00:00:00Z,2022-10-28T00:00:00Z
WAL-MART 1723 / DES MOINES,12853,50315,5101 SE 14TH ST,3696,2012-01-12T00:00:00Z,2022-10-31T00:00:00Z
KUM & GO #8 / 8TH ST / WDM,12776,50265,1293 8TH AVE,4382,2012-01-05T00:00:00Z,2022-05-26T00:00:00Z
FAREWAY STORES #114 / DUBUQUE,12097,52001,2050 JOHN F KENNEDY RD,4334,2012-01-03T00:00:00Z,2022-10-28T00:00:00Z
HILLTOP GROCERY,11712,52803,1312 HARRISON ST,4962,2014-02-17T00:00:00Z,2022-10-31T00:00:00Z
GASLAND / BURLINGTON,11598,52655,1003 SUMMER ST,4752,2012-06-27T00:00:00Z,2022-09-30T00:00:00Z
KWIK SHOP #520 / CARTER LAKE,11466,51510,1202 EAST LOCUST ST,4633,2012-02-08T00:00:00Z,2022-09-23T00:00:00Z
DYNO'S WINE AND SPIRITS / STORM LAKE,11426,50588,1201 1/2 LAKESHORE DR,3855,2012-01-04T00:00:00Z,2021-01-04T00:00:00Z
KUM & GO #4098 / WINDSOR HEIGHTS,11127,50311,7229 UNIVERSTY AVE,4403,2012-01-26T00:00:00Z,2022-10-27T00:00:00Z
IDA GROVE FOOD PRIDE,11033,51445,200 SUSAN LAWRENCE DR,5004,2014-06-04T00:00:00Z,2023-03-28T00:00:00Z
KUM & GO #535 / DES MOINES,10884,50317,4960 E BROADWAY AVE,5057,2014-11-06T00:00:00Z,2022-10-27T00:00:00Z
HY-VEE FOOD STORE / OSKALOOSA,10854,52577,110  SO  D  ST,2600,2012-01-04T00:00:00Z,2023-03-29T00:00:00Z
HY-VEE / REGAL LIQUORS AND VIDEO,10695,52501,2453 NORTH COURT,2596,2016-05-04T00:00:00Z,2019-05-08T00:00:00Z
L AND M BEVERAGE,10606,50662,1011 S FREDERICK M/A PO BX 572,3584,2012-01-10T00:00:00Z,2017-11-17T00:00:00Z
FAREWAY STORES #951 / WATERLOO,10213,50701,40  W SAN MARNAN,4150,2012-01-09T00:00:00Z,2022-10-27T00:00:00Z
HY-VEE FOOD STORE #1 / OTTUMWA,10140,NA,NA,2543,2016-09-06T00:00:00Z,2018-01-17T00:00:00Z
FAREWAY STORES #155 / HUXLEY,10098,50124,911 HWY 69,5135,2015-06-30T00:00:00Z,2022-10-27T00:00:00Z
QUIK TRIP #530 / EUCLID,9956,50313,1424 E EUCLID AVE,5501,2017-11-30T00:00:00Z,2022-10-27T00:00:00Z
SMOKIN' JOE'S #8 TOBACCO AND LIQUOR OUTLET,9946,52806,90 W. KIMBERLY RD STE 55-56,5436,2017-12-14T00:00:00Z,2023-04-10T00:00:00Z
BEST FOOD MART 3  LLC,9886,50311,1621 UNIVERSITY AVE,5098,2015-02-05T00:00:00Z,2022-10-27T00:00:00Z
KUM & GO #292 / ANKENY,9855,50021,1825 N ANKENY BLVD,4404,2012-01-03T00:00:00Z,2022-10-26T00:00:00Z
IDA LIQUOR,9586,51445,"500, HWY 175",5151,2015-05-27T00:00:00Z,2020-12-01T00:00:00Z
SMOKIN' JOE'S #13 TOBACCO & LIQUOR O,9431,52303,"2315, MT VERNON RD SE",5142,2015-05-05T00:00:00Z,2017-12-05T00:00:00Z
SHOP N SAVE #1 / MLK PKWY,9318,50314,2127 M L KING JR PKWY,3772,2012-01-11T00:00:00Z,2018-04-02T00:00:00Z
KWIK SHOP #579 / DAVENPORT,9004,52802,2805 TELEGRAPH RD,3882,2012-01-05T00:00:00Z,2022-09-19T00:00:00Z
INDY 66 #928 / INDIANOLA,8821,50125,1201 N JEFFERSON,4684,2012-05-01T00:00:00Z,2022-10-25T00:00:00Z
FOODLAND SUPER MARKETS / WOODBINE,8779,51579,5TH AND LINCOLN WAY,4000,2012-01-04T00:00:00Z,2022-02-15T00:00:00Z
RUSTIC LURE WINE AND SPIRITS,8171,51331,"72, N OKOBOJI GROVE RD",5104,2015-03-03T00:00:00Z,2020-07-01T00:00:00Z
BIG DISCOUNT LIQUOR,8117,52402,5427  CENTER POINT RD,5636,2018-08-07T00:00:00Z,2022-10-26T00:00:00Z
GRAND FALLS CASINO RESORT,7992,51241,1415 GRAND FALLS BLVD,4337,2012-01-04T00:00:00Z,2022-09-27T00:00:00Z
STATION MART LIQUOR AND TOBBACCO,7715,50707,3594 LAFAYETTE ST,4222,2012-01-04T00:00:00Z,2016-01-15T00:00:00Z
KUM & GO #1215 / AMES,7519,50010,4506 LINCOLN WAY,5465,2017-08-30T00:00:00Z,2022-10-27T00:00:00Z
JIFFY EXPRESS #921 / INDIANOLA,7113,50125,311 NORTH JEFFERSON,4504,2012-01-05T00:00:00Z,2022-09-13T00:00:00Z
HY-VEE FAST & FRESH/ALTOONA,7034,50009,3950 PRARIE FIRE NW,2679,2019-01-22T00:00:00Z,2022-10-27T00:00:00Z
HY-VEE OTTUMWA#2,6942,52501,2453 NORTH COURT,2596,2019-05-08T00:00:00Z,2022-10-26T00:00:00Z
DAHL'S / HICKMAN,6859,50322,8700 HICKMAN,2951,2012-01-04T00:00:00Z,2015-01-29T00:00:00Z
HY-VEE WINE AND SPIRITS / ATLANTIC,6689,NA,NA,2591,2016-09-03T00:00:00Z,2021-11-26T00:00:00Z
TODDS ON THE GO,6662,52405,235 EDGEWOOD RD NE,4176,2012-01-05T00:00:00Z,2017-01-10T00:00:00Z
QUIK TRIP #500 / HUBBELL DM,6550,50317,3700 HUBBELL AVE,4599,2016-05-04T00:00:00Z,2019-06-27T00:00:00Z
COUNTY MARKET #214 / FORT MADISON,6342,52627,11802 AVENUE H,3908,2012-01-03T00:00:00Z,2016-02-01T00:00:00Z
FAREWAY STORES #938 / SHENANDOAH,6341,51601,1007 S FREMONT ST,4246,2012-01-10T00:00:00Z,2021-11-26T00:00:00Z
SMOKIN' JOE'S #15 TOBACCO & LIQUOR O,6118,NA,NA,5176,2016-09-06T00:00:00Z,2017-12-05T00:00:00Z
KUENNEN'S LIQUOR STORE,6088,52166,106 W MAINS ST PO BOX 142,3930,2012-01-09T00:00:00Z,2022-10-25T00:00:00Z
HY-VEE WINE AND SPIRITS / ESTHERVILLE,6029,51334,2608 E. CENTRAL AVENUE,2556,2016-08-31T00:00:00Z,2021-10-06T00:00:00Z
KUM & GO #539/ NW 2ND AVE,6002,50313,5050 NW 2ND AVE,5338,2018-02-19T00:00:00Z,2022-10-28T00:00:00Z
FAREWAY STORES #151 / CEDAR RAPIDS,5833,NA,NA,5097,2016-09-06T00:00:00Z,2022-10-27T00:00:00Z
POLK CITY LIQUOR,5738,50226,201 N 3RD ST  STE A AND B,5906,2020-03-04T00:00:00Z,2022-02-03T00:00:00Z
CASEY'S GENERAL STORE # 3565/ TRIPOLI,5642,50676,600 7TH AVE,5352,2016-12-23T00:00:00Z,2022-10-25T00:00:00Z
"BURG SPIRITS, LLC.",5525,52361,813 1/2 HIGHLAND ST,3911,2012-01-03T00:00:00Z,2013-07-10T00:00:00Z
SAM'S CLUB 6344 / WINDSOR HEIGHTS,5278,NA,NA,3420,2016-09-01T00:00:00Z,2021-11-24T00:00:00Z
FAREWAY STORES #168/ PEOSTA,5222,52068,8400 NICC DRIVE,5359,2018-02-13T00:00:00Z,2022-10-31T00:00:00Z
WALGREENS #07454 / ANKENY,5217,50021,901 N ANKENY BLVD,4726,2012-08-30T00:00:00Z,2022-10-12T00:00:00Z
OAK STREET STATION LLC,5173,51240,2403 US HWY 18,5153,2015-06-16T00:00:00Z,2022-10-28T00:00:00Z
KUM & GO #203 / PERRY,5159,50220,1219 1ST ST,4410,2012-01-16T00:00:00Z,2018-12-13T00:00:00Z
SAUCE,4951,52240,"108, COLLEGE",5286,2016-08-02T00:00:00Z,2020-03-10T00:00:00Z
FOOD LAND SUPER MARKETS / MISSOURI VALEY,4883,NA,NA,4152,2016-09-03T00:00:00Z,2017-11-06T00:00:00Z
FAREWAY STORES #597 / CRESTON,4811,50801,105 E ADAMS ST,4291,2021-10-01T00:00:00Z,2022-10-28T00:00:00Z
KUM & GO #43 / NEW VIRGINIA,4660,50210,1453 CO HWY G76,4385,2012-01-18T00:00:00Z,2022-09-20T00:00:00Z
W-MART,4568,52803,"1205/1207, LOCUST ST.",5249,2016-04-27T00:00:00Z,2018-02-26T00:00:00Z
GARY'S FOODS / MT VERNON,4539,52314,715  1ST AVE S,3829,2020-09-03T00:00:00Z,2022-10-27T00:00:00Z
CASH SAVER #33 / DES MOINES,4524,50313,1320 E EUCLID AVE,6118,2021-02-19T00:00:00Z,2022-10-28T00:00:00Z
DANNYS TOBACCO & LIQUOR / GUTTENBERG,4359,52052,531 U.S. 52,6166,2021-06-05T00:00:00Z,2022-10-28T00:00:00Z
BREW IDA GROVE,4273,51445,"500, HWY 175",5151,2020-12-08T00:00:00Z,2022-10-25T00:00:00Z
PG MINI MART,4262,51104,800 HAMILTON BLVD.,5390,2017-03-29T00:00:00Z,2022-09-27T00:00:00Z
SPEEDE SHOP / WINTHROP,4214,50682,644 220TH ST,4498,2012-02-01T00:00:00Z,2023-08-09T00:00:00Z
EMMETSBURG FOOD PRIDE,4185,50536,1307 S BROADWAY,3615,2012-01-04T00:00:00Z,2014-05-27T00:00:00Z
CVS PHARMACY #8659 / DAVENPORT,4166,52804,1777 DIVISION ST,2839,2012-01-10T00:00:00Z,2022-09-26T00:00:00Z
UNIVERSITY GROCERIES,4165,50314,2121 UNIVERSITY AVE,4139,2012-01-05T00:00:00Z,2014-01-23T00:00:00Z
HY-VEE / CHARLES CITY,4160,50616,901 KELLY ST,2578,2021-12-07T00:00:00Z,2022-10-25T00:00:00Z
LAURENS FOOD PRIDE,4059,50554,410 W MAIN ST,5005,2016-05-03T00:00:00Z,2021-11-26T00:00:00Z
ROY'S FOODLAND,4013,52332,105 PEARL ST,4346,2021-01-08T00:00:00Z,2022-10-28T00:00:00Z
JW LIQUOR,3842,NA,NA,5709,2019-02-06T00:00:00Z,2021-04-22T00:00:00Z
KUM & GO #215  AMES,3804,50010,4506 LINCOLN WAY,4437,2012-01-03T00:00:00Z,2017-02-08T00:00:00Z
WALGREENS #07967 / CLIVE,3779,50325,15601 HICKMAN RD,4732,2012-08-30T00:00:00Z,2022-10-28T00:00:00Z
BROOKLYN GROCERY,3727,52211,"122, FRONT ST.",5284,2016-07-06T00:00:00Z,2019-02-04T00:00:00Z
CASEY'S GENERAL STORE #2493 / BUFFALO,3703,52728,222 W FRONT ST,4552,2016-09-12T00:00:00Z,2022-10-24T00:00:00Z
CAMANCHE FOOD PRIDE,3550,52730,908 7TH AVE,4132,2016-05-05T00:00:00Z,2021-11-29T00:00:00Z
HY-VEE DOLLAR FRESH - TOLEDO,3546,52342,1006 S. COUNTRY ROAD,2697,2020-09-01T00:00:00Z,2023-03-28T00:00:00Z
KUM & GO #141 / GRIMES,3516,50111,1950 PRINCETON DR,4374,2020-09-04T00:00:00Z,2022-10-28T00:00:00Z
CASEY'S GENERAL STORE #2301 / AMES,3476,50010,17005 HWY 69,4656,2012-03-20T00:00:00Z,2023-03-30T00:00:00Z
THE DEPOT ATKINS,3413,52206,"188, PARKRIDGE RD",5268,2016-06-08T00:00:00Z,2019-06-21T00:00:00Z
NEW STAR / RAYMOND,3401,50667,101 COMERICAL STREET,5447,2018-02-05T00:00:00Z,2022-06-07T00:00:00Z
HY-VEE WINE AND SPIRITS / WDM,3341,50266,1725  74TH ST,2619,2021-10-04T00:00:00Z,2023-03-29T00:00:00Z
KUM & GO #0185 / BONDURANT,3253,50035,3015 OXBOW COURT SW,6078,2020-11-27T00:00:00Z,2023-03-30T00:00:00Z
FAREWAY STORES #841 / RED OAK,3119,51566,811 BROADWAY,4318,2020-09-03T00:00:00Z,2022-10-28T00:00:00Z
CVS PHARMACY #10114 / ANKENY,3112,50023,104 E FIRST ST,2848,2013-02-07T00:00:00Z,2022-09-28T00:00:00Z
BERNIE'S BOOZE LLC,3060,51247,"950, WEST VIEW DR",5263,2020-09-01T00:00:00Z,2022-10-25T00:00:00Z
ALI'S WEST SIDE LIQUOR,2893,50701,919 W 5TH ST,4075,2012-01-09T00:00:00Z,2014-09-04T00:00:00Z
HY-VEE DRUGSTORE / ANKENY,2865,50021,849 SOUTH ANKENY BLVD.,2503,2012-01-04T00:00:00Z,2013-09-04T00:00:00Z
THE DEPOT NORTH LIBERTY,2837,52317,1290 S DUBUQUE ST,5511,2017-12-14T00:00:00Z,2022-09-13T00:00:00Z
"BOYD GROCERY, INC.",2836,52565,20611 HWY 1 N,4130,2012-01-10T00:00:00Z,2023-04-26T00:00:00Z
KUM & GO #0131 / HUXLEY,2812,50046,1706 HWY 210,5920,2020-05-28T00:00:00Z,2023-03-30T00:00:00Z
CENTRAL CITY 2,2807,50314,1501 MICHIGAN AVE,4829,2021-10-01T00:00:00Z,2021-11-30T00:00:00Z
CASEY'S GENERAL STORE #2845 / URBANA,2754,52345,201 SUNSET ST,4551,2016-03-01T00:00:00Z,2022-09-30T00:00:00Z
WAL-MART 0646 / ANAMOSA,2704,52205,101  115 ST,3886,2020-09-04T00:00:00Z,2021-11-26T00:00:00Z
FAREWAY STORES #849 / EMMETSBURG,2680,50536,2008  12TH ST,4254,2016-05-03T00:00:00Z,2021-11-24T00:00:00Z
CASEY'S GENERAL STORE #3210 / URBANDALE,2614,50323,4400 128TH ST,4890,2016-09-20T00:00:00Z,2022-10-28T00:00:00Z
SPIRITS LIQUOR / GRIMES,2546,50111,109 E 1ST ST. # B,5425,2021-10-01T00:00:00Z,2022-09-30T00:00:00Z
EXPRESS MART,2540,NA,NA,5336,2016-11-07T00:00:00Z,2022-10-03T00:00:00Z
KUM & GO #133 / ELLSWORTH,2540,50075,1111 IA HIGHWAY 175,4395,2016-05-03T00:00:00Z,2019-06-25T00:00:00Z
CASEY'S GENERAL STORE #3082 / CARROLL,2468,51401,510 E HWY 30,5563,2020-09-08T00:00:00Z,2022-10-31T00:00:00Z
WAL-MART 4256 / AMES,2427,50010,534 SOUTHDUFF AVE,4004,2022-02-02T00:00:00Z,2022-09-28T00:00:00Z
MONROE LIQUOR,2399,50170,105 W SHERMAN PO BX 1023,3968,2012-01-04T00:00:00Z,2016-10-20T00:00:00Z
KUM & GO #121 / URBANDALE,2395,50322,12041 DOUGLAS PKWY,4449,2016-05-03T00:00:00Z,2019-06-17T00:00:00Z
CORK AND BOTTLE / OSKALOOSA,2384,52577,309 A AVE WEST,3990,2021-10-06T00:00:00Z,2023-03-29T00:00:00Z
SHOP N SAVE / NW 2ND AVE / DSM,2360,50313,4685 NW 2ND AVE,4567,2012-01-04T00:00:00Z,2015-04-06T00:00:00Z
NEW STAR LIQUOR & TOBACCO  / FT DODG,2345,NA,NA,5167,2016-09-07T00:00:00Z,2017-06-21T00:00:00Z
CASEY'S #3746 / GRIMES,2275,50111,1650 NE BEAVER BROOKE BLVD,5698,2019-03-14T00:00:00Z,2023-02-24T00:00:00Z
HY-VEE FOOD AND DRUG #6 / CEDAR RAPIDS,2246,NA,NA,2588,2016-09-06T00:00:00Z,2016-12-13T00:00:00Z
WAL-MART 5748 / GRIMES,2177,50111,2150 EAST 1ST ST,4209,2021-12-03T00:00:00Z,2022-10-28T00:00:00Z
CASEY'S GENERAL STORE #3434  /  DENV,2119,50622,"1101, JEFFERSON ST",5181,2015-09-30T00:00:00Z,2022-09-27T00:00:00Z
HY-VEE #7 / CEDAR RAPIDS,2057,52411,5050 EDGEWOOD RD,2647,2021-10-04T00:00:00Z,2021-11-29T00:00:00Z
BIG 10 MART,1987,52001,2100 JFK RD,5529,2018-02-13T00:00:00Z,2022-09-12T00:00:00Z
CASEY'S GENERAL STORE #3640 / WAUKEE,1938,50263,870 NE ALICE'S RD,5521,2020-09-11T00:00:00Z,2022-10-28T00:00:00Z
CASEY'S GENERAL STORE #2623 / FAIRBANK,1932,50629,103 24TH ST,5616,2018-06-01T00:00:00Z,2023-04-25T00:00:00Z
CASEY'S GENERAL STORE #3606,1875,50322,5150 100TH STREET,5782,2019-05-29T00:00:00Z,2022-10-21T00:00:00Z
U S GAS,1822,NA,NA,4478,2016-09-02T00:00:00Z,2021-11-26T00:00:00Z
CASEY'S GENERAL STORE #1446 / LISBON,1782,52253,150 E. BUSINESS 30,5618,2019-12-09T00:00:00Z,2022-09-19T00:00:00Z
CASEY'S GENERAL STORE #2304 / SLATER,1749,50244,200 6TH AVE,4575,2016-05-04T00:00:00Z,2019-06-28T00:00:00Z
HIWAY 20 LIQUOR & TOBACCO / WEBSTER CITY,1708,50595,1345 2ND ST S,6146,2021-04-30T00:00:00Z,2022-10-28T00:00:00Z
CORK AND BOTTLE / CARROLL,1690,51401,1004 HIGHWAY 30 W,4262,2012-01-03T00:00:00Z,2012-06-12T00:00:00Z
WASHINGTON STREET MINI MART,1690,NA,NA,3805,2016-09-03T00:00:00Z,2017-06-29T00:00:00Z
CASEY'S GENERAL STORE #2989 / MECHANICSVILLE,1656,52306,206 SHORT ST,4562,2016-08-29T00:00:00Z,2022-10-31T00:00:00Z
STAR CONVENIENCE / FORT DODGE,1656,50501,1601 5TH AVE,6137,2021-05-07T00:00:00Z,2022-04-29T00:00:00Z
THE DEPOT WILLIAMSBURG,1621,52361,103 HIGHLAND ST,5650,2018-09-27T00:00:00Z,2022-09-19T00:00:00Z
LIQUOR LOVERS / ANKENY,1610,NA,NA,010039,2022-08-24T00:00:00Z,2022-09-30T00:00:00Z
HY-VEE DRUGSTORE / COUNCIL BLUFFS,1604,NA,NA,2641,2016-09-07T00:00:00Z,2017-02-13T00:00:00Z
QUIK TRIP #567 / URBANDALE,1559,NA,NA,4447,2016-09-01T00:00:00Z,2017-12-14T00:00:00Z
CASEY'S GENERAL STORE # 3512/ INDIANOLA,1555,50125,301 E TRAILRIDGE AVE,5396,2017-03-28T00:00:00Z,2022-10-25T00:00:00Z
STATION MART LIQUOR AND TOBACCO,1544,50707,3594 LAFAYETTE ST,4222,2016-02-01T00:00:00Z,2016-12-26T00:00:00Z
HY-VEE DOLLAR FRESH / MAQUOKETA,1500,52060,102 W CARLISLE,6178,2021-08-03T00:00:00Z,2022-09-26T00:00:00Z
OTTER CREEK COUNTRY STORE,1483,52328,"3445, COUNTY HOME RD",5200,2016-07-12T00:00:00Z,2022-10-19T00:00:00Z
QUICK SHOP / CLEAR LAKE,1470,NA,NA,3456,2019-07-02T00:00:00Z,2021-11-30T00:00:00Z
LAKE VIEW FOODS,1461,51450,223 MAIN ST,4116,2016-05-04T00:00:00Z,2019-06-24T00:00:00Z
THE SECRET CELLAR,1456,NA,NA,3822,2016-09-06T00:00:00Z,2017-09-05T00:00:00Z
CASEY'S GENERAL STORE #1653 / CORNING,1453,50841,204 6TH ST,5459,2017-10-06T00:00:00Z,2022-10-28T00:00:00Z
WALGREENS #05943 / INDIANOLA,1444,50125,1000 N JEFFERSON ST,4714,2012-08-28T00:00:00Z,2022-09-20T00:00:00Z
CHUBBYS LIQUOR,1412,50435,68 MONROE PO BOX 249,4099,2012-01-09T00:00:00Z,2014-03-18T00:00:00Z
LIQUOR AND GROCERY DEPOT,1406,NA,NA,5248,2016-09-01T00:00:00Z,2017-02-09T00:00:00Z
CASEY'S GENERAL STORE #3610 / CEDAR FALLS,1396,50613,1225 FOUNTAINS WAY,5484,2017-12-28T00:00:00Z,2022-09-29T00:00:00Z
"CHARLIE'S WINE AND SPIRITS,",1394,51103,507 W 19TH ST,3820,2021-10-06T00:00:00Z,2021-11-23T00:00:00Z
HOMETOWN WINE & SPIRITS / OSKALOOSA,1386,52577,1202 A AVE E,6143,2022-11-02T00:00:00Z,2023-03-29T00:00:00Z
POINT LIQUOR & TOBACCO,1382,NA,NA,5230,2016-09-06T00:00:00Z,2017-09-05T00:00:00Z
KUM & GO # 539/ DES MOINES,1370,50313,5050 NW 2ND AVE,5338,2016-11-03T00:00:00Z,2018-02-12T00:00:00Z
EICHMAN ENTERPRISES INC / SAGEVILLE,1350,52002,11941 HWY 52 N,5814,2019-06-21T00:00:00Z,2022-10-24T00:00:00Z
NEW STAR / LAFAYETTE / WATERLOO,1327,NA,NA,5243,2016-09-01T00:00:00Z,2017-04-25T00:00:00Z
CASEY'S GENERAL STORE # 2598/ PELLA,1324,50219,"414, CLARK STREET",5273,2016-06-22T00:00:00Z,2022-04-27T00:00:00Z
CASEY'S GENERAL STORE #2493 / BUFFAL,1305,52728,222 W FRONT ST,4552,2012-01-25T00:00:00Z,2016-08-22T00:00:00Z
CASEY'S GENERAL STORE #2845 / URBAND,1305,52345,201 SUNSET ST,4551,2012-01-03T00:00:00Z,2016-02-16T00:00:00Z
TOBACCO OUTLET PLUS #537 / IOWA CITY,1239,52246,923 S RIVERSIDE DR,5952,2021-12-07T00:00:00Z,2022-10-25T00:00:00Z
T P PLAZA,1212,50158,1701 IOWA AVE,4225,2012-01-26T00:00:00Z,2014-09-17T00:00:00Z
MART STOP #1 / DAVENPORT,1208,NA,NA,4640,2016-09-07T00:00:00Z,2021-10-06T00:00:00Z
HY-VEE / GRIMES,1200,50111,351 NORTHEAST GATEWAY DRIVE,6209,2021-10-01T00:00:00Z,2021-11-26T00:00:00Z
KUM & GO #436 / MUSCATINE,1196,NA,NA,5091,2016-09-13T00:00:00Z,2017-11-06T00:00:00Z
MLK LIQUOR LLC / DES MOINES,1193,50310,3424 MARTIN LUTHER KING JUNIOR PARKWAY,6264,2022-02-10T00:00:00Z,2022-09-29T00:00:00Z
FAREWAY STORES #193 / TIFFIN,1187,52340,500 CROELL AVENUE,5734,2021-12-06T00:00:00Z,2022-10-31T00:00:00Z
CASEY'S GENERAL STORE #45 / DES MOINES,1157,50317,2890 E BROADWAY AVE,5664,2018-11-06T00:00:00Z,2022-10-27T00:00:00Z
CASEY'S #3934 / ANKENY,1093,50021,1515 SE CORPORATE WOODS DR.,6214,2021-09-01T00:00:00Z,2022-10-26T00:00:00Z
POINT LIQUOR AND TOBACCO /,1092,52402,4107 CENTER POINT RD,4282,2012-01-12T00:00:00Z,2012-07-12T00:00:00Z
HY-VEE FOOD STORE (1295) / IOWA FALLS,1083,50126,640 S. OAK,2539,2022-12-27T00:00:00Z,2023-03-27T00:00:00Z
CASEY'S GENERAL STORE #2989 / MECHAN,1054,52306,206 SHORT ST,4562,2012-01-10T00:00:00Z,2016-08-01T00:00:00Z
WAL-MART 1721 / IOWA CITY,1052,52246,919 HWY 1 WEST,3980,2021-10-06T00:00:00Z,2023-03-29T00:00:00Z
SMOKIN' JOE'S TOBACCO & LIQUOR OUTLET # 8,1025,52806,90 W. KIMBERLY RD STE 55-56,5436,2017-06-15T00:00:00Z,2017-12-07T00:00:00Z
CASEY'S GENERAL STORE #77 / CASCADE,1004,52033,717 1ST  AVE,5183,2017-12-26T00:00:00Z,2022-10-28T00:00:00Z
LOCAL CRAFT CELLAR / CEDAR RAPIDS,999,52402,"7085 C AVENUE NORTHEAST, UNIT A1",6275,2022-10-05T00:00:00Z,2023-04-26T00:00:00Z
CATFISH CHARLIE'S,989,52001,1630 EAST 16TH ST,5637,2018-08-07T00:00:00Z,2022-08-09T00:00:00Z
HY-VEE FOOD STORE / KEOKUK,987,52632,3111 MAIN,2555,2021-10-06T00:00:00Z,2021-11-24T00:00:00Z
FAREWAY STORES #703 / HUMBOLT,979,NA,NA,4319,2016-09-07T00:00:00Z,2021-11-26T00:00:00Z
WASPY'S TRUCK STOP,978,51463,703 SOUTH RYE AVE STE A,5400,2017-05-18T00:00:00Z,2022-09-13T00:00:00Z
SID'S BEVERAGE SHOP,967,52003,2727 DODGE ST,2465,2021-10-05T00:00:00Z,2021-11-29T00:00:00Z
BREW OIL #33 / STORM LAKE,962,50588,1201 LAKESHORE DR,6104,2021-02-01T00:00:00Z,2022-09-26T00:00:00Z
HY-VEE DRUGSTORE #5 / CEDAR RAPIDS,955,52402,2001 BLAIRS FERRY ROAD NE,2605,2021-10-06T00:00:00Z,2021-11-24T00:00:00Z
HIWAY 20 LIQUOR & TOBACCO,947,50595,1345 2ND STREET SOUTH,5430,2020-09-04T00:00:00Z,2021-04-16T00:00:00Z
CASEY'S GENERAL STORE #2676 / DES MOINES,938,50321,2106 ECHO VALLEY DR,6064,2020-12-18T00:00:00Z,2022-09-23T00:00:00Z
HAWKEYE CONVENIENCE STORES / 1ST AVE,937,52403,1581 1ST AVE SE,5025,2014-07-09T00:00:00Z,2020-01-20T00:00:00Z
CASEY'S #3954 / NEWTON,922,50208,4343 SOUTH 15TH AVE EAST,6285,2022-03-30T00:00:00Z,2023-04-24T00:00:00Z
KUM & GO #422 / IOWA CITY,912,NA,NA,4457,2016-09-06T00:00:00Z,2022-10-25T00:00:00Z
ROUND WINDOW LIQUOR,905,50138,703 W PLEASANT ST,3818,2021-10-01T00:00:00Z,2021-11-26T00:00:00Z
STAMMER LIQUOR CORP,905,51201,615 2ND AVE,5423,2021-10-05T00:00:00Z,2021-11-30T00:00:00Z
FAREWAY STORES # 168/ PEOSTA,873,52068,8400 NICC DRIVE,5359,2016-12-27T00:00:00Z,2018-02-06T00:00:00Z
KUM & GO #768 / HOSPERS,849,51238,"107, IA HIGHWAY 60",5088,2015-01-20T00:00:00Z,2018-03-27T00:00:00Z
CENTRAL GROCERY,847,NA,NA,5320,2016-10-17T00:00:00Z,2017-07-31T00:00:00Z
HY-VEE DRUGSTORE / IOWA CITY,830,52245,310 N 1ST ST,2545,2021-10-06T00:00:00Z,2021-11-24T00:00:00Z
CASEY'S GENERAL STORE #1028 / MIDDLETOWN,824,52638,75 MAIN ST,5807,2019-07-12T00:00:00Z,2022-09-23T00:00:00Z
CASEY'S GENERAL STORE #1651 / ALBIA,808,52531,1117 CLINTON ST,5757,2019-06-21T00:00:00Z,2022-09-23T00:00:00Z
CASEY'S GENERAL STORE #3439 / LIME SPRINGS,782,52155,14046 45TH ST,5884,2020-02-04T00:00:00Z,2022-10-11T00:00:00Z
ADVENTURELAND INN,779,NA,NA,2238,2019-05-02T00:00:00Z,2022-01-31T00:00:00Z
GAMEDAY LIQUOR,765,NA,NA,5259,2016-09-02T00:00:00Z,2017-01-20T00:00:00Z
KWIK STOP FOOD MART / DUBUQUE,740,52001,4039 PENNSYLVANIA AVE,5874,2020-02-03T00:00:00Z,2022-09-26T00:00:00Z
CASEY'S GENERAL STORE #3210 / URBAND,732,50323,4400 128TH ST,4890,2013-05-02T00:00:00Z,2016-08-16T00:00:00Z
CASEY'S GENERAL STORE # 3546/ MONONA,722,52159,901 S MAIN ST.,5381,2017-04-17T00:00:00Z,2022-09-16T00:00:00Z
SUPER SAVER IV,719,51503,1141 N BROADWAY,3443,2021-10-06T00:00:00Z,2021-11-24T00:00:00Z
LINCOLN FARM AND HOME 3 / PACIFIC JUNCTION,717,51561,18880 HYLAND AVE,6133,2021-04-23T00:00:00Z,2023-02-10T00:00:00Z
CURRY'S EXPRESS MART,701,52761,"4804, HWY  61 SOUTH",5103,2015-03-30T00:00:00Z,2016-10-31T00:00:00Z
WAL-MART 4606 / OSCEOLA,701,50213,2400 COLLEGE DR,3997,2021-12-07T00:00:00Z,2022-09-27T00:00:00Z
CROWN LIQUOR & SMOKE / IOWA CITY,696,NA,NA,010183,2023-03-29T00:00:00Z,2023-03-30T00:00:00Z
JEFF'S MARKET / WILTON,685,NA,NA,5070,2016-09-03T00:00:00Z,2021-10-04T00:00:00Z
KUM & GO #540 / WAUKEE,684,NA,NA,5235,2016-09-14T00:00:00Z,2023-02-24T00:00:00Z
HY-VEE WINE AND SPIRITS / HUMBOLDT,682,50548,1011  13TH ST NORTH,2606,2021-10-01T00:00:00Z,2021-11-26T00:00:00Z
CASEY'S GENERAL STORE #1365 / PAULLINA,649,NA,NA,4777,2016-09-13T00:00:00Z,2018-08-07T00:00:00Z
WAL-MART 3762 / WDM,648,50266,6365 STAGECOACH DR,3899,2021-10-06T00:00:00Z,2021-11-24T00:00:00Z
WINES AND SPIRITS,634,52353,106 W 2ND ST,3525,2021-10-06T00:00:00Z,2021-11-24T00:00:00Z
WAL-MART 1393 / OSKALOOSA,633,52577,2203 A AVENUE WEST,3789,2022-11-02T00:00:00Z,2023-03-29T00:00:00Z
HY-VEE FOOD STORE #2 / STATE ANKENY,626,NA,NA,2666,2019-07-02T00:00:00Z,2019-07-22T00:00:00Z
HY-VEE C-STORE / FAIRFEILD,625,52556,1300 W BURLINGTON,2681,2019-04-08T00:00:00Z,2021-03-03T00:00:00Z
KUM & GO #302 / CLEAR LAKE,620,50248,2905 FOURTH AVE,4353,2020-09-03T00:00:00Z,2021-11-11T00:00:00Z
HY-VEE WINE AND SPIRITS / WASHINGTON,615,52353,1004 W MADISON ST,2653,2021-10-06T00:00:00Z,2021-11-24T00:00:00Z
CASEY'S GENERAL STORE #2521 / ADAIR,611,50002,110 S 5TH ST,4753,2021-12-03T00:00:00Z,2022-10-21T00:00:00Z
PIT STOP LIQUORS / NEWTON,610,50208,"1324, 1ST AVE E",4604,2021-10-04T00:00:00Z,2021-11-29T00:00:00Z
CELTICS BEVERAGE COMPANY,609,50536,1122 BROADWAY,3704,2021-10-06T00:00:00Z,2021-11-24T00:00:00Z
KUM & GO #76 / ADAIR,609,50002,109 S 5TH ST,4417,2021-10-01T00:00:00Z,2022-10-21T00:00:00Z
PIRILLO BEVERAGE,607,50662,1011 S FREDERICK M/A PO BX 572,3584,2017-12-01T00:00:00Z,2018-04-20T00:00:00Z
SMOKIN' JOE'S #17 TOBACCO AND LIQUOR OUTLET,603,52601,110 S ROOSEVELT HWY 61,4794,2021-10-01T00:00:00Z,2021-11-26T00:00:00Z
FAREWAY STORES #792 / TOLEDO,596,52342,1005 S COUNTY LINE RD,4195,2020-02-11T00:00:00Z,2023-03-28T00:00:00Z
FAREWAY STORES #462 / VINTON,583,52349,501 A AVE,4228,2022-11-04T00:00:00Z,2023-03-31T00:00:00Z
FAREWAY STORE # 167/JOHNSTON,579,NA,NA,5307,2016-09-01T00:00:00Z,2017-03-02T00:00:00Z
HUBER'S STORE INC.,566,52144,FIRST & MAIN,2161,2012-01-09T00:00:00Z,2012-07-09T00:00:00Z
I-80 LIQUOR / COUNCIL BLUFFS,555,NA,NA,4312,2022-09-08T00:00:00Z,2022-10-26T00:00:00Z
HAWKEYE CONVENIENCE STORES EAST,543,52403,"1581, 1ST AVE SE",4618,2012-01-10T00:00:00Z,2014-06-25T00:00:00Z
CASEY'S GENERAL STORE #2944 / MUSCATINE,538,52761,3010 UNIVERSITY DR,5766,2021-12-14T00:00:00Z,2022-10-31T00:00:00Z
DOUBLE D LIQUOR STORE / WAUKON,535,52172,618 ROSSVILLE RD,6108,2021-10-01T00:00:00Z,2021-11-26T00:00:00Z
PRIME MART - CEDAR FALLS,534,50613,2728 CENTER ST,5941,2021-10-05T00:00:00Z,2021-11-29T00:00:00Z
RODGERS SPIRITS AND MORE,533,50273,53 GREEN ST,2228,2021-10-05T00:00:00Z,2021-11-23T00:00:00Z
LIQUOR ON THE CORNER,524,51012,300 EAST MAIN,5441,2021-10-04T00:00:00Z,2021-11-29T00:00:00Z
HOMETOWN FOODS / STUART,519,NA,NA,3461,2019-07-05T00:00:00Z,2021-11-26T00:00:00Z
FAREWAY STORES #426 / NEVADA,494,50201,1505 SOUTH B AVE,4105,2022-11-03T00:00:00Z,2023-03-30T00:00:00Z
SHADE TREE LIQUORS,485,50459,90 10TH ST S,3664,2021-10-04T00:00:00Z,2021-11-29T00:00:00Z
BLIND PIG COCKTAIL BODEGA WEST DES MOINES,481,50265,222 1 HALF 5TH STREET VALLEY JUNCTION,6199,2022-03-28T00:00:00Z,2022-09-26T00:00:00Z
OSCO #1118 / CLINTON,479,52732,1307 N SECOND,2806,2021-10-04T00:00:00Z,2021-11-29T00:00:00Z
COSTCO WHOLESALE #1630 / ANKENY,476,50021,4000 NE SPECTRUM DRIVE,010074,2022-10-31T00:00:00Z,2023-04-24T00:00:00Z
7STAR LIQUOR & TOBACCO OUTLET,469,52405,502 E AVE NW,5462,2022-11-07T00:00:00Z,2023-03-27T00:00:00Z
AV SUPERSTOP,464,NA,NA,5169,2016-09-07T00:00:00Z,2017-02-15T00:00:00Z
BANCROFT LIQUOR STORE,463,50517,107 N PORTLAND ST PO BX 222,3842,2021-10-06T00:00:00Z,2021-11-24T00:00:00Z
SAVE MORE SUPER MARKET / DAVENPORT,462,52806,"6723 NORTHWEST BOULEVARD, UNIT 2",6186,2021-10-04T00:00:00Z,2021-11-29T00:00:00Z
SA PETRO MART,458,50265,136  1ST ST,4068,2021-10-04T00:00:00Z,2021-11-29T00:00:00Z
A TO Z LIQUOR / CHEROKEE,455,51012,114 S 2ND ST,6060,2021-10-04T00:00:00Z,2021-11-29T00:00:00Z
HY-VEE WINE AND SPIRITS / ALGONA,451,NA,NA,2585,2019-12-04T00:00:00Z,2019-12-26T00:00:00Z
INDY 66 WEST #929 / INDIANOLA,447,NA,NA,4482,2016-09-06T00:00:00Z,2017-01-10T00:00:00Z
CB QUICK STOP / COUNCIL BLUFFS,445,51501,"3500, AVE A",4808,2022-11-04T00:00:00Z,2023-03-31T00:00:00Z
BRADY MART / DAVENPORT,440,52803,3107 N BRADY ST,3760,2012-01-05T00:00:00Z,2012-03-01T00:00:00Z
HY-VEE GAS - PLEASANT HILL,438,NA,NA,2686,2019-10-22T00:00:00Z,2022-09-26T00:00:00Z
GARNER FOODS / FT MADISON,436,52627,2236 AVE L,5892,2022-10-05T00:00:00Z,2023-04-26T00:00:00Z
KUM & GO #202 / 4TH ST WAUKEE,436,NA,NA,4378,2016-09-06T00:00:00Z,2017-10-17T00:00:00Z
CASEY'S #6134 / COUNCIL BLUFFS,435,51501,33501 WEST BROADWAY,010094,2022-12-02T00:00:00Z,2023-10-13T00:00:00Z
CASEY'S GENERAL STORE # 2698/ PERRY,433,50220,1308 1ST STREET,5384,2021-10-01T00:00:00Z,2023-04-28T00:00:00Z
D AND S GROCERY,428,NA,NA,3909,2016-09-07T00:00:00Z,2023-03-31T00:00:00Z
HY-VEE FAST AND FRESH / GRIMES,428,50111,1401 1ST STREET,6208,2021-09-03T00:00:00Z,2023-02-10T00:00:00Z
THE MARKET ON 30 / CARROLL,428,51401,420 WEST HWY 30,4776,2012-08-07T00:00:00Z,2015-06-04T00:00:00Z
CASEY'S GENERAL STORE #3404 / CARLIS,427,50047,1020 GATEWAY DR,5109,2022-10-14T00:00:00Z,2023-04-28T00:00:00Z
BLIND PIG COCKTAIL BODEGA / WEST DES MOINES,425,50265,"222 1/2 5TH STREET, VALLEY JUNCTION",6199,2021-08-30T00:00:00Z,2022-03-07T00:00:00Z
BREW COFFEE WINE SPIRIT AND CIGARS,420,51031,346 PLYMOUTH ST SW,5431,2021-10-05T00:00:00Z,2021-11-30T00:00:00Z
MONTE SPIRITS,414,50171,109 N 4TH ST,3712,2021-10-01T00:00:00Z,2021-11-26T00:00:00Z
KWIK STOP  #858  /  DUBUQUE,412,52001,"3340, JFK  RD",5201,2015-12-01T00:00:00Z,2019-08-02T00:00:00Z
NEW STAR RAYMOND,412,50667,101 COMERICAL STREET,5447,2017-08-25T00:00:00Z,2018-01-16T00:00:00Z
LAKE LIQUORS WINE AND SPIRITS,407,NA,NA,4969,2019-07-01T00:00:00Z,2019-07-18T00:00:00Z
FAREWAY STORES #470 / PERRY,406,NA,NA,4320,2019-07-05T00:00:00Z,2021-11-26T00:00:00Z
FAREWAY STORES #147 / CARLISLE,393,50047,"1115, BLUESTEM DR",5050,2021-10-01T00:00:00Z,2021-11-26T00:00:00Z
LIQUOR TOBACCO & GROCERY - MASON CITY,389,50401,18 NORTH MONROE AVENUE,5859,2021-10-07T00:00:00Z,2021-11-26T00:00:00Z
CASEY'S GENERAL STORE #1131 / DYSART,386,52224,201 HWY 21,6001,2020-09-15T00:00:00Z,2022-10-25T00:00:00Z
RANDY'S NEIGHBORHOOD MARKET / OSAGE,383,50461,633 CHASE ST,4559,2021-10-04T00:00:00Z,2021-11-29T00:00:00Z
QUICKER LIQUOR STORE,382,52627,1414 48TH ST,3549,2021-10-06T00:00:00Z,2021-11-24T00:00:00Z
DOWNTOWN PANTRY,380,50309,"218, 6TH AVE #101",4997,2021-10-01T00:00:00Z,2021-11-26T00:00:00Z
YESWAY STORE # 10016/ FORT DODGE,380,50501,1601 5TH AVE,5288,2016-08-17T00:00:00Z,2020-02-07T00:00:00Z
TOP SHELF LIQUOR / IOWA CITY,378,52246,412 HIGHWAY 1,010003,2023-03-07T00:00:00Z,2023-04-25T00:00:00Z
CASEY'S GENERAL STORE #1682 / OSKALOOSA,377,52577,1310 A AVE WEST,5591,2022-10-05T00:00:00Z,2023-03-29T00:00:00Z
KWIK STOP 3 / WATERLOO,377,50702,1104 WASHINGTON ST,4265,2021-10-05T00:00:00Z,2021-11-30T00:00:00Z
PANTHER TRAVEL CENTER / CEDAR FALLS,375,50613,1525 W RIDGEWAY AVE,6058,2020-10-13T00:00:00Z,2021-10-12T00:00:00Z
SHOP N SAVE NEWTON,374,50208,404 S 11TH AVE W,6076,2021-10-04T00:00:00Z,2021-11-29T00:00:00Z
"AMERICAN HERITAGE DISTILLERS, LLC",367,51301,PO BOX 1317,9042,2019-03-28T00:00:00Z,2023-03-30T00:00:00Z
BANI'S / CEDAR FALLS,363,50613,2128 COLLEGE ST,6147,2021-10-07T00:00:00Z,2021-11-26T00:00:00Z
WAL-MART 1546 / IOWA FALLS,360,50126,840 S OAK,4024,2022-11-07T00:00:00Z,2023-03-27T00:00:00Z
KUM & GO #157 / URBANDALE,355,50323,4585 156TH ST,4450,2021-10-01T00:00:00Z,2021-11-26T00:00:00Z
SUPER STOP LIQUOR AND WINE / ALTOONA,353,50009,2635 ADVENTURELAND DR,5995,2021-10-07T00:00:00Z,2021-11-26T00:00:00Z
C'S LIQUOR STORE,351,51301,719 2ND AVE W,5080,2021-10-06T00:00:00Z,2021-11-24T00:00:00Z
LIQUOR BEER & TOBACCO OUTLET,350,50616,1908 CLARK ST,5366,2021-10-05T00:00:00Z,2021-11-30T00:00:00Z
OLD 34 GAS & GRILL / DANVILLE,350,52623,305 E HWY 34,5954,2020-05-15T00:00:00Z,2022-10-21T00:00:00Z
LEO1  /  CEDAR RAPIDS,349,52402,"1500, 1ST  AVE NE",5222,2021-10-04T00:00:00Z,2021-11-29T00:00:00Z
XPRESS LIQUOR,346,50125,1201 NORTH JEFFERSON STE 100,4066,2012-01-03T00:00:00Z,2012-04-24T00:00:00Z
HY-VEE C-STORE / FAIRFIELD,343,52556,1300 W BURLINGTON,2681,2021-03-11T00:00:00Z,2022-10-26T00:00:00Z
LIQUOR DOWNTOWN / IOWA CITY,342,52240,315 S GILBERT ST,6041,2021-10-06T00:00:00Z,2021-11-23T00:00:00Z
FAREWAY STORES #479 / INDEPENDENCE,341,50644,1400 3RD AVE SE,4148,2021-10-05T00:00:00Z,2021-11-30T00:00:00Z
KUM & GO #438 / MUSCATINE,335,NA,NA,4467,2016-09-13T00:00:00Z,2016-12-12T00:00:00Z
TOBACCO HUT #18 / COUNCIL BLUFFS,333,51501,429 VETERANS MEMORIAL,4866,2021-10-06T00:00:00Z,2021-11-24T00:00:00Z
SMOKIN' JOE'S #18 TOBACCO AND LIQUOR OUTLET,330,52240,1901 BROADWAY ST,3896,2021-10-06T00:00:00Z,2021-11-30T00:00:00Z
CIRCLE B MARKET,328,52565,111 MAIN ST,4296,2021-10-06T00:00:00Z,2021-11-24T00:00:00Z
SMOKIN' JOE'S #12 TOBACCO AND LIQUOR OUTLET,326,52317,465 HWY 965 UNIT G,3928,2021-10-06T00:00:00Z,2021-11-30T00:00:00Z
SMOKIN' JOE'S #2 TOBACCO AND LIQUOR OUTLET,322,52804,1606 W LOCUST ST,3917,2021-10-06T00:00:00Z,2021-11-24T00:00:00Z
HARTIG DRUG STORE #10 / IOWA CITY,320,52246,701 MORMON TREK BLVD,3565,2021-10-06T00:00:00Z,2021-11-30T00:00:00Z
KUM & GO #1443 / WILLIAMSBURG,320,52361,2177 M AVE,5510,2022-11-01T00:00:00Z,2023-03-28T00:00:00Z
CASEY'S GENERAL STORE #1827 / KNOXVILLE,318,50138,1007 N. LINCOLN,5991,2020-09-04T00:00:00Z,2022-03-18T00:00:00Z
HAWKS LIQUOR & TOBACCO / CORALVILLE,315,52241,2425 2ND STREET,6190,2021-10-06T00:00:00Z,2021-11-30T00:00:00Z
FAREWAY STORES #639 / MAQUOKETA,314,52060,110 WESTGATE DR,4051,2021-10-05T00:00:00Z,2021-11-29T00:00:00Z
BIG 10 MART #11 / DUBUQUE,312,52001,3300 ASBURY RD,6070,2020-10-30T00:00:00Z,2021-10-19T00:00:00Z
MARKET EXPRESS,312,52404,5340 16TH AVE SW,4921,2021-10-04T00:00:00Z,2021-11-29T00:00:00Z
AUDUBON FOOD LAND,306,50025,104 MARKET ST,5173,2021-10-05T00:00:00Z,2021-11-30T00:00:00Z
HY-VEE FOOD STORE #4 / CEDAR RAPIDS,306,52402,1556 FIRST AVENUE NE,2568,2021-10-04T00:00:00Z,2021-11-29T00:00:00Z
KUM & GO #240 / NORTH AVE NORWALK,306,50211,530 NORTH AVE,4370,2021-10-01T00:00:00Z,2021-11-26T00:00:00Z
JIM AND CHARLIES AFFILIATED,305,52531,121 NORTH CLINTON,4011,2021-10-01T00:00:00Z,2021-11-26T00:00:00Z
EXPRESS LANE GAS & FOOD MART #79,303,52767,17948 GREAT RIVER RD,5725,2021-12-13T00:00:00Z,2022-10-24T00:00:00Z
CASEY'S GENERAL STORE #77  /  CASCAD,292,52033,717 1ST  AVE,5183,2015-10-20T00:00:00Z,2017-12-05T00:00:00Z
FAREWAY STORES #008 / DYERSVILLE,291,52040,1207  12TH AVE SE,4182,2020-02-03T00:00:00Z,2021-10-01T00:00:00Z
QUIK TRIP #538 / NW 2ND / DSM,291,50313,4575 NW 2ND,4361,2021-10-01T00:00:00Z,2021-11-26T00:00:00Z
ROCKINGHAM LIQUOR - DAVENPORT,287,52802,2423 ROCKINGHAM ROAD,5846,2021-10-05T00:00:00Z,2021-11-29T00:00:00Z
NEW STAR / KNOXVILLE,285,50138,901 WEST PLEASANT ST,5740,2021-10-01T00:00:00Z,2021-11-30T00:00:00Z
FAREWAY STORES #827 / CENTERVILLE,283,52544,305 S 18TH ST,4271,2021-10-01T00:00:00Z,2021-11-26T00:00:00Z
CASEY'S GENERAL STORE #3214 / OSKALOOSA,282,52577,413 A AVE W,5984,2022-10-05T00:00:00Z,2023-04-19T00:00:00Z
KIMBERLY MART / DAVENPORT,280,52807,1714 E KIMBERLY RD,3715,2021-10-06T00:00:00Z,2021-11-24T00:00:00Z
QUIK TRIP #562 / NE 14TH / DSM,277,50313,4801 NE 14TH ST,4377,2021-10-01T00:00:00Z,2021-11-26T00:00:00Z
OSAGE LIQUORS,275,50461,"508, MAIN ST",4945,2021-10-04T00:00:00Z,2021-11-22T00:00:00Z
HY-VEE WINE AND SPIRITS / LEMARS,271,NA,NA,2604,2019-07-02T00:00:00Z,2019-07-16T00:00:00Z
KUM & GO #2091 / ASHWORTH / WDM,270,50266,5969 ASHWORTH RD,4379,2021-10-04T00:00:00Z,2021-11-29T00:00:00Z
CASEY'S GENERAL STORE #2520 / GRIMES,267,50111,206 E 1ST ST,5615,2021-10-01T00:00:00Z,2021-11-26T00:00:00Z
CASEY'S GENERAL STORE #3718 / PLEASANT HILL,264,50327,1175 NE 75TH ST,5802,2022-11-03T00:00:00Z,2023-03-09T00:00:00Z
CASEY'S GENERAL STORE #3826 - ADEL,262,50003,1738 NILE KINNICK S.,5844,2022-10-07T00:00:00Z,2023-02-24T00:00:00Z
PRIME MART / WATERLOO,261,50702,3535 MARIGOLD DR,4978,2021-10-05T00:00:00Z,2021-11-30T00:00:00Z
KUM & GO #502 / IOWA CITY,260,NA,NA,5242,2016-09-13T00:00:00Z,2017-01-31T00:00:00Z
HY-VEE GAS / JOHNSTON,257,50322,5902 MERLE HAY RD,2723,2021-03-19T00:00:00Z,2022-09-22T00:00:00Z
FAREWAY STORES #993 / NORTH LIBERTY,256,52317,615 WESTWOOD DR   P.O BOX 96,4157,2021-10-04T00:00:00Z,2021-11-29T00:00:00Z
GM FOOD MART / MUSCATINE,256,52761,1814 E AVENUE,6286,2022-10-03T00:00:00Z,2023-03-20T00:00:00Z
HY-VEE FOOD STORE / MOUNT AYR,255,NA,NA,2658,2021-02-05T00:00:00Z,2021-11-26T00:00:00Z
SA TOBACCO LIQUOR MART,254,52732,320 N 4TH ST,5606,2021-10-04T00:00:00Z,2021-11-30T00:00:00Z
CASEY'S GENERAL STORE #3854  / MANCHESTER,253,52057,1305 W COMMERCIAL ST,5774,2020-04-21T00:00:00Z,2021-02-23T00:00:00Z
KUM & GO #201 / CORALVILLE,252,NA,NA,5197,2016-09-07T00:00:00Z,2017-01-25T00:00:00Z
EXPO LIQUOR,251,52722,1810 STATE STREET,5335,2021-10-06T00:00:00Z,2021-11-24T00:00:00Z
CASEY'S #2654 / STUART,250,50250,708 S DIVISION ST,6082,2021-10-01T00:00:00Z,2021-11-26T00:00:00Z
FAREWAY STORES #124 / ADEL,246,50003,804 NILE KINNICK DR,4678,2021-10-01T00:00:00Z,2021-11-26T00:00:00Z
KARAM KAUR KHASRIYA LLC,243,52208,702 13TH ST,4025,2021-10-04T00:00:00Z,2021-11-29T00:00:00Z
EZ STOP 1 / DUBUQUE,239,52001,1101 RHOMBERG AVE,5909,2021-10-05T00:00:00Z,2021-11-29T00:00:00Z
BROTHERS MARKET / BLOOMFIELD,237,52537,207 E LOCUST ST,5868,2021-10-01T00:00:00Z,2021-11-26T00:00:00Z
FAMOUS LIQUORS,234,52804,2604 W LOCUST ST,5003,2021-10-06T00:00:00Z,2021-11-24T00:00:00Z
JEFF'S MARKET / WEST LIBERTY,231,52776,"200, E 3RD ST",4970,2021-10-04T00:00:00Z,2021-11-29T00:00:00Z
LIQUOR LOVERS  / ANKENY,230,NA,NA,010270,2023-10-02T00:00:00Z,2023-10-13T00:00:00Z
QUILLINS QUALITY FOODS MONONA,227,52159,808 S MAIN ST,4972,2021-10-01T00:00:00Z,2021-11-26T00:00:00Z
THUNDER RIDGE AMPRIDE,226,50613,"2425, WHITETAIL DR",4631,2021-10-05T00:00:00Z,2021-11-23T00:00:00Z
URBAN FUEL EXPRESS / IOWA CITY,225,52240,2580 MOSS RIDGE RD,6138,2021-04-20T00:00:00Z,2022-09-27T00:00:00Z
FAREWAY STORES #848 / NEWTON,222,50208,120 N 3RD AVE E,4194,2021-10-06T00:00:00Z,2021-11-24T00:00:00Z
SELECT MART / SIOUX CITY,222,51108,4103 FLOYD BLVD,4568,2021-10-06T00:00:00Z,2021-11-23T00:00:00Z
DUAL STOP CARTER LAKE / CARTER LAKE,218,51510,109 EAST LOCUST STREET,010028,2022-07-29T00:00:00Z,2022-10-28T00:00:00Z
KUM & GO #95 / DE SOTO,218,50069,1203 GUTHRIE ST,4411,2021-10-01T00:00:00Z,2021-11-26T00:00:00Z
FAREWAY STORES #840 / MONTICELLO,216,52310,433 N FARLEY ST,4252,2021-10-01T00:00:00Z,2021-11-26T00:00:00Z
CASEY'S GENERAL STORE #1455,215,50122,27470 HWY 65 SOUTH,5739,2021-11-08T00:00:00Z,2022-09-19T00:00:00Z
CASEY'S GENERAL STORE #2850 / CEDAR RAPIDS,215,52404,5655 C ST SW,4493,2022-11-14T00:00:00Z,2023-03-28T00:00:00Z
CASEY'S GENERAL STORE #3319 / NEVADA,215,50201,1800 SOUTH B AVE,5000,2022-11-03T00:00:00Z,2023-03-23T00:00:00Z
HY-VEE FOOD STORE / CENTERVILLE,215,NA,NA,2523,2018-10-03T00:00:00Z,2021-10-01T00:00:00Z
THE MUSIC STATION,214,NA,NA,4947,2019-07-02T00:00:00Z,2019-07-16T00:00:00Z
RINA MART LLC / DAVENPORT,213,52806,"3815, WEST KIMBERLY RD",4694,2021-10-05T00:00:00Z,2021-11-29T00:00:00Z
GOLDEN MART,212,52802,1026 W RIVER DRIVE,5403,2021-10-05T00:00:00Z,2021-11-29T00:00:00Z
BROTHER'S MARKET/ SIGOURNEY,210,52591,118 SOUTH MAIN STREET,5316,2021-10-13T00:00:00Z,2021-11-18T00:00:00Z
CASEY'S GENERAL STORE #3024 / MEDIAPOLIS,210,52637,208 WAPPELLO ST,5547,2022-02-04T00:00:00Z,2022-09-09T00:00:00Z
CASEY'S #4025 / MUSCATINE,209,52761,4701 HWY 61,6219,2022-04-11T00:00:00Z,2023-03-20T00:00:00Z
ADVENTURELAND / ALTOONA,201,50009,305 34TH AVE NW,6278,2022-04-21T00:00:00Z,2022-09-15T00:00:00Z
HAMPTON CROSSROADS / HAMPTON,198,50441,4 4TH STREET SOUTHEAST,6212,2021-10-04T00:00:00Z,2021-11-29T00:00:00Z
CASEY'S GENERAL STORE #2300 / JEWELL,196,50130,301 MAIN ST,4651,2021-10-05T00:00:00Z,2021-11-30T00:00:00Z
JOHN'S QWIK STOP,191,52349,814 C AVE,5292,2022-11-04T00:00:00Z,2022-12-30T00:00:00Z
SIOUX FOOD CENTER OF SIOUX RAPIDS,189,50585,621 HWY 71,3964,2021-10-01T00:00:00Z,2021-11-26T00:00:00Z
FAREWAY STORES #044 / BETTENDORF,188,52722,3800 BELMONT RD,4192,2021-10-05T00:00:00Z,2021-11-30T00:00:00Z
LIQUORLAND,187,NA,NA,5361,2022-05-06T00:00:00Z,2022-05-27T00:00:00Z
TARGET STORE T-0878 / FORT DODGE,186,50501,2910  1 AVE S,3901,2022-11-04T00:00:00Z,2023-03-24T00:00:00Z
WALGREENS #03875 / CEDAR RAPIDS,185,52402,2821 1ST AVE SE,4744,2021-12-09T00:00:00Z,2022-09-09T00:00:00Z
KUM & GO #579 / ANKENY,184,NA,NA,4609,2019-07-03T00:00:00Z,2021-11-17T00:00:00Z
KUM & GO #521  /  CORALVILLE,183,NA,NA,5185,2016-09-07T00:00:00Z,2017-01-18T00:00:00Z
WORLD LIQUOR & TOBACCO + VAPE,183,50501,"606, N 15TH ST",5237,2021-10-01T00:00:00Z,2021-11-26T00:00:00Z
CHEAP SMOKES / BEER CITY,181,51561,58231 190TH ST,4602,2021-10-01T00:00:00Z,2021-11-26T00:00:00Z
STEWART ROAD FAST BREAK,181,NA,NA,4843,2016-09-03T00:00:00Z,2017-02-27T00:00:00Z
BENDER FOODS / GUTTENBERG,180,52052,619 S HWY 52,3782,2021-10-01T00:00:00Z,2021-11-19T00:00:00Z
OLD FIRE LIQUOR / BUFFALO CENTER,180,50424,113 1ST ST NW,5911,2021-10-06T00:00:00Z,2021-11-24T00:00:00Z
FAREWAY STORES #705 / CLEAR LAKE,178,NA,NA,4091,2019-07-05T00:00:00Z,2019-07-18T00:00:00Z
MMDG SPIRITS / AMES,177,NA,NA,3973,2016-09-21T00:00:00Z,2016-10-12T00:00:00Z
TOBACCO HUT #11 / SIOUX CITY,177,51106,"4523, MORNINGSIDE AVE",4884,2021-10-06T00:00:00Z,2021-11-23T00:00:00Z
BREW GAS COFFEE WINE SPIRITS,176,51109,2026 RIVERSIDE BLVD,5800,2021-10-06T00:00:00Z,2021-11-23T00:00:00Z
CASEY'S #4317 / VINTON,176,52349,814 C AVENUE,010122,2023-02-03T00:00:00Z,2023-03-31T00:00:00Z
HARTIG DRUG CO #6 / DYERSVILLE,174,52040,711  16TH AVE SE,3849,2021-10-01T00:00:00Z,2021-11-26T00:00:00Z
KUM & GO #83 / CASEY,173,NA,NA,4416,2016-09-12T00:00:00Z,2017-05-08T00:00:00Z
BUCKY'S EXPRESS #22 / COUNCIL BLUFFS,172,NA,NA,5164,2016-09-19T00:00:00Z,2017-02-20T00:00:00Z
KUM & GO # 119/ NORTHWOOD,172,NA,NA,5388,2017-03-16T00:00:00Z,2017-06-15T00:00:00Z
WAL-MART 0841 / TIPTON,172,52772,1126 HIGHWAY 38 NORTH,4013,2021-10-04T00:00:00Z,2021-11-29T00:00:00Z
CASEY'S GENERAL STORE #2307 / MELCHER-DALLAS,170,50163,101B SW A STREET,6053,2022-10-21T00:00:00Z,2023-04-28T00:00:00Z
FAREWAY STORES #561 / WAVERLY,169,50677,220 W BREMER AVE,4146,2021-10-05T00:00:00Z,2021-11-30T00:00:00Z
FAREWAY STORES #461 / STORM LAKE,166,50588,731 SENECA ST,4163,2021-10-04T00:00:00Z,2021-11-29T00:00:00Z
CASEY'S GENERAL STORE #1548 / ANKENY,165,NA,NA,4725,2016-09-01T00:00:00Z,2019-07-17T00:00:00Z
RAYSMARKET,165,50707,3452 LAFAYETTE ROAD,5715,2021-10-05T00:00:00Z,2021-11-30T00:00:00Z
KUM & GO #4020 / ANKENY,164,NA,NA,4406,2019-07-03T00:00:00Z,2021-11-24T00:00:00Z
HOT SPOT FOOD AND LIQUOR / BURLINGTON,163,52601,1618 OSBORN ST,5903,2021-10-01T00:00:00Z,2021-11-26T00:00:00Z
GIRI'S LIQUOR STORE / WEST LIBERTY,162,52776,"1006, N COLUMBUS ST",4806,2021-10-04T00:00:00Z,2021-11-29T00:00:00Z
BRITT FOOD CENTER,161,50423,8 2ND ST NW,3045,2021-10-06T00:00:00Z,2021-11-24T00:00:00Z
PRIME STAR,161,52301,395 WESTERN AVENUE,5339,2021-10-04T00:00:00Z,2021-11-29T00:00:00Z
CASEY'S GENERAL STORE # 2792/CEDAR RAPIDS,159,52404,9001 6TH STREET SW,5417,2021-10-04T00:00:00Z,2021-11-22T00:00:00Z
WESTSIDE PETRO,159,52247,103 1ST STREET,5702,2021-10-01T00:00:00Z,2021-11-19T00:00:00Z
JET STOP MILTON / MILTON,158,52570,109 E HWY 2,6314,2022-10-28T00:00:00Z,2023-04-21T00:00:00Z
KWIK STAR #1186 / ALTOONA,158,50009,2030 21ST ST NW,010057,2022-09-29T00:00:00Z,2022-10-27T00:00:00Z
THE COOLER,158,52405,"4920, JOHNSON AVE NW",4956,2021-10-04T00:00:00Z,2021-11-29T00:00:00Z
CASEY'S GENERAL STORE # 2560,157,NA,NA,5279,2016-09-07T00:00:00Z,2016-12-14T00:00:00Z
OELWEIN LIQUOR TOBACCO & GAS / OELWEIN,157,50662,801 EAST CHARLES STREET,6228,2021-10-12T00:00:00Z,2021-11-30T00:00:00Z
HY-VEE FOOD STORE / ALBIA,156,52531,301 HWY. 34 WEST,2559,2021-10-01T00:00:00Z,2021-11-26T00:00:00Z
C FRESH MARKET,155,NA,NA,4849,2016-09-19T00:00:00Z,2017-02-23T00:00:00Z
TARGET STORE T-3374 / IOWA CITY,155,52240,113 E WASHINGTON ST,6008,2021-10-06T00:00:00Z,2021-11-30T00:00:00Z
CASEY'S GENERAL STORE # 2179/ WAUKEE,153,50263,1995 SE UNIVERSITY,5409,2021-10-01T00:00:00Z,2021-11-26T00:00:00Z
EZ STOP / DAVENPORT,153,52803,2923 BRADY ST,4630,2021-10-06T00:00:00Z,2021-11-24T00:00:00Z
HY-VEE FOOD STORE / CORNING,153,NA,NA,2656,2019-07-05T00:00:00Z,2019-07-19T00:00:00Z
KWIK STAR #1158 / AMES,153,50010,1910 ISAAC NEWTON DR.,010032,2022-08-04T00:00:00Z,2022-09-15T00:00:00Z
CASEY'S GENERAL STORE # 2774/AMANA,152,52203,617 42ND AVE,5397,2021-10-04T00:00:00Z,2021-11-29T00:00:00Z
HY-VEE C-STORE #3 / DUBUQUE,152,52003,300 S LOCUST,2721,2021-10-05T00:00:00Z,2021-11-22T00:00:00Z
CASEY'S GENERAL STORE #32 / MADRID,151,50156,117 N KENNEDY AVE,5561,2021-10-01T00:00:00Z,2021-11-12T00:00:00Z
CASEY'S GENERAL STORE #2802 / CONRAD,150,50621,409 E CENTER,4659,2022-11-03T00:00:00Z,2023-03-23T00:00:00Z
HASS MARKET,149,52732,122 SOUTH 2ND STREET,5741,2021-10-04T00:00:00Z,2021-11-29T00:00:00Z
CASEY'S GENERAL STORE #1139 / NORA SPRINGS,147,50458,14 E CONGRESS,4524,2021-10-05T00:00:00Z,2021-11-23T00:00:00Z
CASEY'S GENERAL STORE #1684 / EMMETSBURG,145,NA,NA,4783,2016-09-07T00:00:00Z,2021-11-24T00:00:00Z
BEER BARN,144,51503,19203 BUNGE AVE,5424,2017-05-12T00:00:00Z,2020-09-02T00:00:00Z
FAREWAY STORES #106 / CLIVE,144,50325,10151 UNIVERSITY AVE,4230,2021-10-04T00:00:00Z,2021-11-29T00:00:00Z
THE DEPOT TIFFIN,144,52340,221 W MARENGO RD,5649,2021-10-06T00:00:00Z,2021-11-30T00:00:00Z
KWIK STAR #1097 / URBANDALE,143,50322,10101 PLUM DR.,010052,2022-12-09T00:00:00Z,2023-02-24T00:00:00Z
WALGREENS #12393 / CEDAR RAPIDS,143,52402,5750 C AVE NE,4679,2022-10-12T00:00:00Z,2023-03-29T00:00:00Z
1ST AVE BP / CEDAR RAPIDS,142,52402,1581 1ST AVE,5943,2020-04-27T00:00:00Z,2021-05-10T00:00:00Z
MOTI'S FOOD,140,52802,1717 WEST 3RD STREET,5847,2021-10-05T00:00:00Z,2021-11-29T00:00:00Z
HY-VEE DYERSVILLE DOLLAR FRESH,139,52040,1201 12TH AVE SE,2713,2021-10-01T00:00:00Z,2021-11-26T00:00:00Z
COLONY POINT FUEL & GAS - WILLIAMSBURG,138,52361,333 220TH STREET,6321,2022-06-13T00:00:00Z,2023-03-13T00:00:00Z
AKRON STOP / ALGONA,132,50511,107 US HWY 18,6134,2021-06-16T00:00:00Z,2022-08-10T00:00:00Z
HY-VEE FOOD STORE / LAMONI,131,50140,720 EAST MAIN,2674,2021-10-01T00:00:00Z,2021-11-26T00:00:00Z
BROTHER'S MARKET / DENVER,129,50622,1022 SKYLAR ST,5007,2021-10-05T00:00:00Z,2021-11-30T00:00:00Z
CASEY'S GENERAL STORE #2185 / MANCHESTER,129,52057,1305 W COMMERCIAL ST,5774,2019-12-24T00:00:00Z,2020-04-14T00:00:00Z
RUSS'S MARKET #30,128,51534,900 S LOCUST,5671,2021-10-08T00:00:00Z,2021-11-19T00:00:00Z
SUPER TARGET T-0804 MASON CITY,128,50401,3450  4TH ST SW,3528,2021-10-05T00:00:00Z,2021-11-26T00:00:00Z
THE STATION / CEDAR RAPIDS,127,52404,3645 STONE CREEK CIRCLE SW,4861,2021-10-04T00:00:00Z,2021-11-29T00:00:00Z
HY-VEE FAST AND FRESH #2 / GRIMES,125,50111,1701 SOUTHEAST 37TH STREET,6317,2022-06-10T00:00:00Z,2022-09-16T00:00:00Z
MARTELLE STORE,125,52305,400 S. MILITARY ST,5907,2021-10-01T00:00:00Z,2021-11-19T00:00:00Z
CASEY'S GENERAL STORE # 2687/ HAWARDEN,124,51023,1001 AVE E,5376,2022-11-01T00:00:00Z,2023-03-07T00:00:00Z
KUM & GO #229 / SIOUX CITY,124,51103,1821 HAMILTON BLVD,4554,2021-10-12T00:00:00Z,2021-11-23T00:00:00Z
KUM & GO #524/ CORALVILLE,124,52241,2600 HOLIDAY RD,5405,2021-10-06T00:00:00Z,2021-11-30T00:00:00Z
CASEY'S GENERAL STORE #3899 / CEDAR RAPIDS,122,52405,235 EDGEWOOD RD NW,5945,2021-10-11T00:00:00Z,2021-11-29T00:00:00Z
FAREWAY STORES #048 / CLARINDA,122,51632,115 ESSIE DAVISON DR,4249,2021-10-01T00:00:00Z,2021-11-26T00:00:00Z
KUM & GO #246 / WINTERSET,122,50273,111 E JEFFERSON ST,4848,2021-10-12T00:00:00Z,2021-11-23T00:00:00Z
SUPER CONVENIENCE STORE,122,51501,2547 2ND AVE,5628,2021-10-06T00:00:00Z,2021-11-17T00:00:00Z
CASEY'S #3746,121,50111,1650 NE BEAVER BROOKE BLVD,5698,2018-12-18T00:00:00Z,2019-02-14T00:00:00Z
HY-VEE FAST AND FRESH #3 / URBANDALE,121,50323,12905 MEREDITH DRIVE,6341,2022-07-15T00:00:00Z,2022-09-30T00:00:00Z
KUM & GO #1056/ BEVINGTON,121,50033,101 E IA HWY 92,5358,2021-10-05T00:00:00Z,2021-11-23T00:00:00Z
GM FOOD MART,119,52761,"2881, HIGHWAY 61",5260,2021-10-05T00:00:00Z,2021-11-22T00:00:00Z
SWEETWATER SPIRITS - LIVERMORE,119,50558,405 4TH AVENUE,5841,2021-10-08T00:00:00Z,2021-11-26T00:00:00Z
BREW #54 / CEDAR RAPIDS,116,52404,3301 J STREET SOUTHWEST,010125,2023-02-06T00:00:00Z,2023-03-28T00:00:00Z
GUPPY'S ON THE GO / WALFORD,114,52351,200 HWY 151 E,5190,2021-10-04T00:00:00Z,2021-11-22T00:00:00Z
PRONTO MARKET,113,50641,201 S MAIN ST,4938,2021-10-05T00:00:00Z,2021-11-30T00:00:00Z
CASEY'S GENERAL STORE #3756 / CEDAR RAPIDS,111,52404,4560 16TH AVE SW,5687,2021-10-04T00:00:00Z,2021-11-22T00:00:00Z
DEPOT NORWAY,110,52318,117 E RAILROAD ST,5594,2021-10-18T00:00:00Z,2021-11-22T00:00:00Z
CASEY'S GENERAL STORE #2777 / FAIRFA,108,52228,"65, WILLIAMS BLVD",5064,2021-10-04T00:00:00Z,2021-11-29T00:00:00Z
KUM & GO # 532/ WEST DSM,107,NA,NA,5340,2016-12-01T00:00:00Z,2017-01-05T00:00:00Z
CASEY'S GENERAL STORE #3291,106,52218,5110 HWY 13 NORTH,5738,2021-10-01T00:00:00Z,2023-04-21T00:00:00Z
HY-VEE FAST AND FRESH #4 / URBANDALE,106,50323,14200 DOUGLAS AVENUE,010025,2022-08-02T00:00:00Z,2022-08-02T00:00:00Z
CASEY'S GENERAL STORE #3858 - IOWA CITY,104,52245,370 SCOTT COURT,5829,2021-10-12T00:00:00Z,2021-11-29T00:00:00Z
FAREWAY STORES #062 / WAUKON,104,52172,777  11TH AVE SW,4289,2021-10-01T00:00:00Z,2021-11-26T00:00:00Z
CASEY'S GENERAL STORE #2891 / FORT DODGE,100,50501,235 AVE O,5556,2021-10-01T00:00:00Z,2021-11-19T00:00:00Z
NORTHSIDE LIQUOR,100,NA,NA,5251,2019-04-04T00:00:00Z,2019-04-11T00:00:00Z
HY-VEE WINE & SPIRITS #1 / MLK,99,NA,NA,2627,2018-11-01T00:00:00Z,2018-11-09T00:00:00Z
WALGREENS #03700 / COUNCIL BLUFFS,98,51503,535 E BROADWAY,4741,2021-10-01T00:00:00Z,2021-11-26T00:00:00Z
KUM & GO #119/ NORTHWOOD,97,50459,818 HWY 105,5388,2021-10-04T00:00:00Z,2021-11-15T00:00:00Z
A&S FOOD AND GAS / DAVENPORT,96,52802,2365 ROCKINGHAM RD,6092,2021-10-05T00:00:00Z,2021-11-29T00:00:00Z
CASEY'S GENERAL STORE -CENTER POINT,96,52213,123 A ST,5801,2019-06-21T00:00:00Z,2019-06-21T00:00:00Z
CHUCK'S SPORTSMANS BEVERAGE,96,NA,NA,3542,2019-07-01T00:00:00Z,2019-07-22T00:00:00Z
RIVER MART,95,NA,NA,4983,2016-09-12T00:00:00Z,2021-11-19T00:00:00Z
CASEY'S GENERAL STORE #2914 / HARLAN,93,51537,"1006, CHATBURN AVE",4560,2021-10-05T00:00:00Z,2021-11-09T00:00:00Z
CASEY'S GENERAL STORE #1569 / OAKLAND,91,51560,205 BROWN ST,4516,2021-10-01T00:00:00Z,2021-11-26T00:00:00Z
CASEY'S GENERAL STORE #3029 / ARMSTRONG,91,50514,"307, S 4TH AVE",4854,2020-02-12T00:00:00Z,2020-04-22T00:00:00Z
FAREWAY STORES #559 / IOWA FALLS,90,50126,500 IOWA ST,4284,2021-10-04T00:00:00Z,2021-11-29T00:00:00Z
A TO Z LIQUOR,89,NA,NA,5140,2019-04-02T00:00:00Z,2019-04-15T00:00:00Z
CASEY'S GENERAL STORE #2787 / CEDAR RAPIDS,89,52402,1661 32ND ST NE,4487,2021-10-06T00:00:00Z,2021-11-24T00:00:00Z
KWIK STOP #848 / DUBUQUE,89,NA,NA,5209,2017-02-21T00:00:00Z,2021-11-29T00:00:00Z
CASEY'S GENERAL STORE # 2560/ AMES,88,50010,3020 DUFF AVE,5279,2021-10-21T00:00:00Z,2021-11-18T00:00:00Z
CHROME TRUCK STOP,88,50511,211 HIGHWAY 18 E.,5469,2021-10-06T00:00:00Z,2021-11-17T00:00:00Z
CASEY'S GENERAL STORE #1125 / HUMEST,87,NA,NA,5059,2016-09-14T00:00:00Z,2016-12-14T00:00:00Z
STRATFORD FOOD CENTER,87,50249,829 SHAKESPEARE AVE,4326,2021-10-01T00:00:00Z,2021-11-19T00:00:00Z
FAREWAY STORES #395 / WEBSTER CITY,86,50595,942  2ND ST,4235,2021-10-01T00:00:00Z,2021-11-19T00:00:00Z
CASEY'S GENERAL STORE #3075 / ANKENY,85,NA,NA,4767,2016-09-09T00:00:00Z,2019-07-17T00:00:00Z
CASEY'S GENERAL STORE - #2532,85,50627,1807 EDGINGTON AVE,6018,2021-10-04T00:00:00Z,2021-11-08T00:00:00Z
CIRCLE K #4706604 / BURLINGTON,85,52601,421 N MAIN ST,4859,2021-10-01T00:00:00Z,2021-11-26T00:00:00Z
MALCOM GAS & FOOD / MALCOM,85,50157,203 MONTEZUMA STREET,6175,2021-10-01T00:00:00Z,2021-11-19T00:00:00Z
QUIK TRIP #530,85,50313,1424 E EUCLID AVE,5501,2017-11-10T00:00:00Z,2017-11-16T00:00:00Z
CASEY'S GENERAL STORE #37 / DAKOTA CITY,84,50529,"502, MAIN",4775,2021-10-01T00:00:00Z,2021-11-19T00:00:00Z
CROSSROADS FO SPENCER,84,NA,NA,5278,2016-09-14T00:00:00Z,2017-11-29T00:00:00Z
VICTOR'S MARKET,84,52347,1001 3RD  ST,5147,2021-10-11T00:00:00Z,2021-11-16T00:00:00Z
CASEY'S GENERAL STORE #1061 / PRINCETON,83,NA,NA,4911,2016-09-01T00:00:00Z,2016-11-17T00:00:00Z
SUPER QUICK MART / WINDSOR HEIGHTS,83,50317,1824 HUBBELL AVE,4169,2021-11-10T00:00:00Z,2021-11-10T00:00:00Z
CASEY'S GENERAL STORE #2544 / NEW LONDON,82,52645,710 S PINE ST,5585,2021-10-01T00:00:00Z,2021-11-19T00:00:00Z
JET STOP BIRMINGHAM / BIRMINGHAM,80,52535,121 SOUTH HWY 1,6310,2022-10-05T00:00:00Z,2023-03-15T00:00:00Z
CASEY'S GENERAL STORE #3610,78,50613,1225 FOUNTAINS WAY,5484,2017-11-02T00:00:00Z,2017-11-30T00:00:00Z
BEER THIRTY STORM LAKE / STORM LAKE,77,NA,NA,6229,2021-11-01T00:00:00Z,2021-11-15T00:00:00Z
CASEY'S GENERAL STORE #2237 / PRAIRIE CITY,77,50228,1002 W 2ND ST,4655,2021-10-13T00:00:00Z,2021-11-18T00:00:00Z
WAL-MART 1683 / SHENANDOAH,77,51601,705 S FREMONT,4266,2021-10-01T00:00:00Z,2021-11-26T00:00:00Z
KEOTA EAGLE FOODS,76,52248,217 E BROADWAY,4279,2021-10-06T00:00:00Z,2021-11-18T00:00:00Z
KUM & GO #510 / STUART,76,NA,NA,4654,2019-07-05T00:00:00Z,2019-07-19T00:00:00Z
AVOCA FOOD LAND,75,NA,NA,5322,2016-10-14T00:00:00Z,2016-10-14T00:00:00Z
INDEPENDENCE LIQUOR & FOOD,75,NA,NA,5487,2019-07-02T00:00:00Z,2019-07-16T00:00:00Z
CASEY'S GENERAL STORE # 3523/ ELDRIDGE,74,52748,26701 SCOTT PARK RD.,5355,2021-10-05T00:00:00Z,2021-11-19T00:00:00Z
CASEY'S GENERAL STORE #2357 / ALLISON,74,50602,"100, CHERRY ST",4571,2021-10-04T00:00:00Z,2021-11-22T00:00:00Z
KIMMES ROCKWELL CITY COUNTRY STORE #,74,50579,"730, HIGH ST",5159,2021-10-11T00:00:00Z,2021-11-22T00:00:00Z
FREEMAN FOODS,73,NA,NA,4067,2019-07-05T00:00:00Z,2019-07-19T00:00:00Z
CASEY'S GENERAL STORE #2274 / SIOUX RAPIDS,72,50585,720 HWY 71,4532,2021-10-15T00:00:00Z,2021-11-19T00:00:00Z
FAS MART # 5150/ CEDAR RAPIDS,72,NA,NA,5305,2016-11-16T00:00:00Z,2017-03-01T00:00:00Z
CASEY'S GENERAL STORE #2552 / GOLDFIELD,71,50542,319 E HWY 3,4556,2021-10-06T00:00:00Z,2021-11-17T00:00:00Z
CASEY'S GENERAL STORE #2913 / COLO,71,50056,702 US HWY 65,4549,2021-10-04T00:00:00Z,2021-11-29T00:00:00Z
OTHO CONVENIENCE AND FOOD,70,50569,210 NORTH HWY,3845,2022-11-04T00:00:00Z,2023-03-16T00:00:00Z
CASEY'S GENERAL STORE #2684 - DURANT,69,52747,504 5TH STREET,5850,2021-10-04T00:00:00Z,2021-11-29T00:00:00Z
CASEY'S GENERAL STORE #2689 / ANKENY,69,NA,NA,5565,2019-07-03T00:00:00Z,2019-07-17T00:00:00Z
THRIFTWAY,69,NA,NA,3808,2020-03-03T00:00:00Z,2020-03-17T00:00:00Z
CASEY'S GENERAL STORE # 2417/ NEWTON,66,NA,NA,5275,2016-09-08T00:00:00Z,2016-12-08T00:00:00Z
CASEY'S GENERAL STORE # 3508/ MARSHA,66,NA,NA,5303,2016-09-22T00:00:00Z,2016-09-22T00:00:00Z
CASEY'S GENERAL STORE #2551 / WOODWARD,66,50276,"906, S MAIN ST",4577,2021-10-01T00:00:00Z,2021-11-19T00:00:00Z
CASEY'S GENERAL STORE #1020  / LE CL,64,52753,"210, JONES ST",5156,2021-10-04T00:00:00Z,2021-11-22T00:00:00Z
CASEY'S GENERAL STORE #1493 / VAN METER,64,NA,NA,4623,2016-09-14T00:00:00Z,2016-12-06T00:00:00Z
HARTIG DRUG #14 / INDEPENDENCE,64,NA,NA,3784,2023-10-03T00:00:00Z,2023-10-17T00:00:00Z
TROY MILLS / TROY MILLS,64,52344,5913 MAIN ST.,010129,2023-01-29T00:00:00Z,2023-03-24T00:00:00Z
CLEAR LAKE PAYLESS FOODS,63,NA,NA,4668,2019-07-05T00:00:00Z,2019-07-18T00:00:00Z
CASEY'S GENERAL STORE #1316 / MILFORD,62,51351,510 OKOBOJI AVE,4499,2021-10-13T00:00:00Z,2021-11-17T00:00:00Z
CASEY'S GENERAL STORE #1887 / CEDAR FALLS,62,50613,2425 CENTER ST,5748,2021-10-05T00:00:00Z,2021-11-11T00:00:00Z
CASEY'S GENERAL STORE #2512 / HILLS,62,52235,310 W MAIN ST,5789,2021-10-01T00:00:00Z,2021-11-26T00:00:00Z
CROSSROADS OF HUMBOLDT,59,NA,NA,5285,2016-09-14T00:00:00Z,2017-02-01T00:00:00Z
CASEY'S GENERAL STORE # 2783/ URBAND,58,NA,NA,5270,2016-09-14T00:00:00Z,2016-12-13T00:00:00Z
CASEY'S GENERAL STORE #3772,58,52544,105 SOUTH 18TH STREET,5724,2021-10-01T00:00:00Z,2021-11-19T00:00:00Z
WALGREENS #05885 / MUSCATINE,58,52761,1703 PARK AVE,4746,2021-10-12T00:00:00Z,2021-11-29T00:00:00Z
CASEY'S GENERAL STORE #1327 / LOVILIA,55,NA,NA,4811,2016-09-28T00:00:00Z,2016-11-30T00:00:00Z
NEW STAR / FORT DODGE,55,NA,NA,5665,2020-06-01T00:00:00Z,2020-06-08T00:00:00Z
WAL-MART 1625 / LEMARS,54,NA,NA,3742,2019-07-02T00:00:00Z,2019-07-16T00:00:00Z
BREW OIL #32 / SPENCER,53,51301,15 GRAND AVE,6168,2021-10-06T00:00:00Z,2021-11-24T00:00:00Z
USA FOOD AND GAS / GRAND MOUND,52,NA,NA,4813,2016-09-14T00:00:00Z,2016-10-05T00:00:00Z
CASEY'S GENERAL STORE # 2212/ CEDAR RAPIDS,51,52404,130 41ST AVE. DR. SW,5420,2021-10-04T00:00:00Z,2021-11-29T00:00:00Z
CASEY'S GENERAL STORE #2867 / WATERLOO,50,50701,2424 RANCHERO RD,5771,2021-10-19T00:00:00Z,2021-11-16T00:00:00Z
CASEY'S GENERAL STORE #2924 / MARION,50,52302,1100 EAGLE VIEW DR,4543,2021-10-29T00:00:00Z,2021-11-26T00:00:00Z
NORTH AMERICAN SPIRITS,50,NA,NA,9911,2017-08-01T00:00:00Z,2017-08-09T00:00:00Z
CASEY'S GENERAL STORE #1617 / JEFFERSON,49,NA,NA,4653,2016-09-08T00:00:00Z,2016-12-08T00:00:00Z
CORWITH FARM SERVICE,49,50430,205 NW ELM ST,5626,2021-10-06T00:00:00Z,2021-11-24T00:00:00Z
CASEY'S GENERAL STORE #1503 / TABOR,47,NA,NA,5223,2016-09-09T00:00:00Z,2016-12-02T00:00:00Z
CASEY'S GENERAL STORE #1680 / ADEL,47,NA,NA,4929,2016-09-06T00:00:00Z,2016-12-06T00:00:00Z
CASEY'S GENERAL STORE #3204 / MINDEN,47,51553,33280 335TH ST,5177,2021-10-01T00:00:00Z,2021-11-19T00:00:00Z
SPARKY'S ONE STOP / LAKE VIEW,46,51450,HWY 71 & HWY 175,6188,2022-10-24T00:00:00Z,2023-03-06T00:00:00Z
B AND B EAST / WATERLOO,45,NA,NA,4647,2019-07-02T00:00:00Z,2019-07-16T00:00:00Z
CASEY'S GENERAL STORE # 2528/ WILLIAMSBURG,45,52361,602 S HIGHLAND,5407,2021-10-04T00:00:00Z,2021-11-22T00:00:00Z
KUM & GO #206 / CLIVE,45,50311,7229 UNIVERSITY AVE,5107,2021-03-02T00:00:00Z,2021-03-02T00:00:00Z
HY-VEE DRUGSTORE / MARION,44,NA,NA,2514,2019-04-01T00:00:00Z,2019-04-08T00:00:00Z
THE FOOD CENTER,44,50472,215 W 4TH ST,5532,2021-10-04T00:00:00Z,2021-11-29T00:00:00Z
CASEY'S GENERAL STORE #1567 / ANITA,43,NA,NA,4880,2016-09-12T00:00:00Z,2016-12-05T00:00:00Z
CASEY'S GENERAL STORE #1499 / CHARITON,41,50049,418 S. 7TH ST,5965,2021-10-01T00:00:00Z,2021-11-12T00:00:00Z
CASEY'S GENERAL STORE #3896 / CENTER POINT,40,52213,696 GRAIN LN,5922,2021-10-08T00:00:00Z,2021-11-26T00:00:00Z
BURLINGTON SHELL,39,NA,NA,4898,2019-04-01T00:00:00Z,2019-04-13T00:00:00Z
SICHANH LIQUOR STORE,39,50588,812 FLINDT DR,4210,2021-10-11T00:00:00Z,2021-11-15T00:00:00Z
WALGREENS #05044 / BURLINGTON,39,52601,3245 AGENCY ST,4721,2021-10-01T00:00:00Z,2021-11-19T00:00:00Z
KEYSTONE LIQUOR AND WINE,38,NA,NA,5705,2019-02-05T00:00:00Z,2019-02-05T00:00:00Z
SWEETIES LIQUOR STORE AND COFFEE SHOP LLC / ODEBOLT,38,NA,NA,010180,2023-10-17T00:00:00Z,2023-10-17T00:00:00Z
CASEY'S GENERAL STORE #30 / GILMORE CITY,37,50541,105 SE FIRST ST,4527,2021-10-01T00:00:00Z,2021-11-12T00:00:00Z
CASEY'S GENERAL STORE #1378 / JESUP,36,50648,1330 6TH ST,5775,2021-10-05T00:00:00Z,2021-11-30T00:00:00Z
CASEY'S GENERAL STORE #2437 / MASON CITY,36,50401,2701 19TH ST SW,6011,2021-10-14T00:00:00Z,2021-11-18T00:00:00Z
CASEY'S GENERAL STORE #2785 / ANKENY,36,NA,NA,5564,2019-07-03T00:00:00Z,2019-07-17T00:00:00Z
CASEY'S GENERAL STORE #3200 / STRAWBERRY POINT,36,52076,"308, W MISSION",4855,2021-10-05T00:00:00Z,2021-11-16T00:00:00Z
CASEY'S GENERAL STORE #3782 / MOUNT AYR,35,50854,1305 E SOUTH STREET,4779,2021-10-08T00:00:00Z,2021-11-19T00:00:00Z
HY-VEE FAST & FRESH EXPRESS- CRESTON,34,NA,NA,2693,2019-08-23T00:00:00Z,2019-08-23T00:00:00Z
CASEY'S GENERAL STORE #2639 / MAYNARD,33,50655,525 MAIN ST W,5753,2021-10-05T00:00:00Z,2021-11-16T00:00:00Z
CASEY'S GENERAL STORE #63 / ROCK RAPIDS,32,51246,709 1ST AVE,5961,2021-10-05T00:00:00Z,2021-11-23T00:00:00Z
CASEY'S GENERAL STORE #1024 / GUTTEN,31,52052,"1131, S HWY 52",4607,2021-10-01T00:00:00Z,2021-11-12T00:00:00Z
CASEY'S GENERAL STORE #1985 / ST. ANSGAR,31,NA,NA,4533,2019-07-01T00:00:00Z,2019-07-22T00:00:00Z
MOES MART #13 / CASEY,31,50048,501 MCPHERSON STREET,6111,2022-12-02T00:00:00Z,2023-02-24T00:00:00Z
MISSISSIPPI RIVER DISTILLERY,30,52753,303 N CODY RD,9002,2021-10-07T00:00:00Z,2021-11-08T00:00:00Z
CASEY'S GENERAL STORE # 2272/COLFAX,29,50054,1203 N WALNUT,5398,2021-10-06T00:00:00Z,2021-11-10T00:00:00Z
HY-VEE / CORYDON,29,NA,NA,2669,2019-04-03T00:00:00Z,2019-04-10T00:00:00Z
CASEY'S GENERAL STORE #1388 / SULLY,28,NA,NA,4627,2016-11-07T00:00:00Z,2016-11-07T00:00:00Z
CASEY'S GENERAL STORE #2992 / FONDA,27,50540,101 HWY 7,4610,2021-10-25T00:00:00Z,2021-11-15T00:00:00Z
MIDTOWN LIQUOR,27,NA,NA,5028,2022-06-20T00:00:00Z,2022-06-20T00:00:00Z
CASEY'S GENERAL STORE #1511 / SEYMOU,24,52590,500 W MAIN ST,5217,2021-10-01T00:00:00Z,2021-11-12T00:00:00Z
J & C GROCERY / DUMONT,24,NA,NA,4584,2019-07-09T00:00:00Z,2019-07-09T00:00:00Z
FLASHMART #103/ANITIA,23,NA,NA,5700,2019-01-04T00:00:00Z,2019-01-04T00:00:00Z
YESWAY #1103 / ROCKFORD,23,50468,814 E MAIN ST,5488,2023-03-07T00:00:00Z,2023-04-11T00:00:00Z
CASEY'S GENERAL STORE #2529 / LAMONI,22,50140,406 E MAIN ST,4782,2021-10-01T00:00:00Z,2021-11-05T00:00:00Z
CASEY'S GENERAL STORE #3679 / STORM LAKE,22,50588,207 E MILWAUKEE AVE,5659,2020-02-03T00:00:00Z,2020-04-13T00:00:00Z
FAS MART # 5159/ DUBUQUE,21,NA,NA,5306,2017-01-10T00:00:00Z,2017-01-10T00:00:00Z
WALGREENS #05042 / CEDAR RAPIDS,20,52404,3325 16TH AVE SW,4745,2021-10-18T00:00:00Z,2021-11-22T00:00:00Z
YESWAY STORE # 10022/ WATERLOO,19,50703,1976 FRANKLIN ST,5294,2021-10-19T00:00:00Z,2021-10-19T00:00:00Z
BP / WELTON,18,NA,NA,010120,2023-01-23T00:00:00Z,2023-01-23T00:00:00Z
CASEY'S GENERAL STORE #1546 / FREMONT,17,52561,203 E MAIN ST,5833,2021-10-06T00:00:00Z,2021-10-28T00:00:00Z
YESWAY STORE # 10013/ OTTUMWA,17,NA,NA,5300,2019-07-10T00:00:00Z,2019-07-10T00:00:00Z
JOHNSON AVE BP / CEDAR RAPIDS,16,52405,4830 JOHNSON AVE,5947,2020-05-04T00:00:00Z,2020-06-22T00:00:00Z
TEQUILA WINE & SPIRITS,16,52247,215 1ST ST,5654,2021-10-01T00:00:00Z,2022-04-01T00:00:00Z
CASEY'S GENERAL STORE #2905 / AMES,12,50010,17005 HWY 69,4656,2021-08-20T00:00:00Z,2021-08-20T00:00:00Z
KUM & GO #301 / CLEAR LAKE,12,NA,NA,4351,2019-07-05T00:00:00Z,2019-07-05T00:00:00Z
CASEY'S GENERAL STORE #1280 / FORT DODGE,11,NA,NA,5558,2020-01-10T00:00:00Z,2020-01-10T00:00:00Z
FLASHMART  #105,11,NA,NA,5695,2019-04-26T00:00:00Z,2019-04-26T00:00:00Z
MCDERMOTT OIL CO,11,52033,1501 1ST AVE E,5531,2021-10-01T00:00:00Z,2021-10-01T00:00:00Z
WESTSIDE SPIRITS / CEDAR RAPIDS,11,52404,3330 16TH AVE. SW,6236,2021-10-25T00:00:00Z,2021-10-25T00:00:00Z
CASEY'S GENERAL STORE #2811 / SPRINGVILLE,9,NA,NA,4934,2021-03-05T00:00:00Z,2021-03-05T00:00:00Z
GIT-N-GO #47 / ALTOONA,8,50009,101 8TH ST W,5595,2021-10-14T00:00:00Z,2021-11-18T00:00:00Z
HY-VEE FAST AND FRESH #2 / WAUKEE,8,50263,155 W. HICKMAN RD.,6191,2021-10-22T00:00:00Z,2021-10-22T00:00:00Z
ROCK C LIQUOR & WINE & TOBACCO / IOWA FALLS,7,50126,418 ROCKSYLVANIA AVENUE,6226,2021-10-04T00:00:00Z,2021-10-04T00:00:00Z
THE OX & WREN SPIRITS AND GIFTS,7,52136,708 2ND  AVE  SE,5244,2021-10-05T00:00:00Z,2021-10-05T00:00:00Z
"CENTRAL CITY LIQUOR, INC.",5,50314,1460 2ND AVE,2190,2021-10-01T00:00:00Z,2021-10-04T00:00:00Z
EAST SIDE LIQUOR & GROCERY / MARSHALLTOWN,5,50158,1116 EAST NEVADA STREET,6206,2021-10-06T00:00:00Z,2021-10-06T00:00:00Z
SMOKIN' JOE'S #15 TOBACCO AND LIQUOR OUTLET,5,52405,455 EDGEWOOD RD NW,5176,2021-10-04T00:00:00Z,2021-10-04T00:00:00Z
SMOKIN' JOE'S #4 TOBACCO AND LIQUOR OUTLET,5,50317,2800 E UNIVERSITY AVE,4273,2021-10-01T00:00:00Z,2021-10-01T00:00:00Z
WALGREENS #06186 / DAVENPORT,5,52807,4011 E 53RD ST,4748,2021-10-11T00:00:00Z,2021-10-11T00:00:00Z
FAREWAY STORES #987 / DAVENPORT,4,52806,1635 WEST 53RD ST,4196,2021-10-05T00:00:00Z,2021-10-05T00:00:00Z
NEW STAR MART  /  NEWTON,4,50702,"702, 1ST AVE E",5116,2021-10-04T00:00:00Z,2021-10-04T00:00:00Z
THE HUT / COUNCIL BLUFFS,4,51501,1925 W BROADWAY,5915,2021-10-01T00:00:00Z,2021-10-01T00:00:00Z
TIPTON FAMILY FOODS,4,52772,610 CEDAR ST,4269,2021-10-04T00:00:00Z,2021-10-04T00:00:00Z
380BP / SWISHER,3,52338,2722 NE 120TH ST,4787,2021-10-04T00:00:00Z,2021-10-04T00:00:00Z
FAREWAY STORES #386 / AMES,3,50010,619 BURNETT AVE,4102,2021-10-07T00:00:00Z,2021-10-07T00:00:00Z
GREAT PASTIMES,3,52310,228 N MAIN ST.,5437,2021-10-01T00:00:00Z,2021-10-01T00:00:00Z
HAPPY'S WINE & SPIRITS,3,50613,5925 UNIVERSITY AVE,4988,2021-10-07T00:00:00Z,2021-10-07T00:00:00Z
HY-VEE FOOD STORE / CARROLL,3,51401,905 US HIGHWAY 30 WEST,2593,2021-10-05T00:00:00Z,2021-10-05T00:00:00Z
LOGAN SUPER FOODS,3,51546,403 E 6TH,3611,2021-10-05T00:00:00Z,2021-10-05T00:00:00Z
SAM'S MINI MART / MORNINGSIDE AVE SIOUX CITY,3,51106,4218 MORNINGSIDE AVE,4879,2021-10-06T00:00:00Z,2021-10-06T00:00:00Z
AJ'S LIQUOR III,2,50010,2401 A CHAMBERLAIN ST,4960,2021-10-07T00:00:00Z,2021-10-07T00:00:00Z
BENZ DISTRIBUTING,2,52401,501 7TH AVE SE,3773,2021-10-04T00:00:00Z,2021-10-04T00:00:00Z
BOJI JUNCTION / MILFORD,2,51351,2301 OKOBOJI AVENUE,6218,2021-10-06T00:00:00Z,2021-10-06T00:00:00Z
CASEY'S GENERAL STORE #1728 / RED OAK,2,51566,1310 N. BROADWAY ST,5967,2021-10-01T00:00:00Z,2021-10-01T00:00:00Z
CASEY'S GENERAL STORE #2318 / MONTRO,2,52639,"111, MAIN ST",5062,2021-10-13T00:00:00Z,2021-10-13T00:00:00Z
CASEY'S GENERAL STORE #2563 / EXIRA,2,50076,312 W WASHINGTON ST,4523,2021-10-05T00:00:00Z,2021-10-05T00:00:00Z
CASEY'S GENERAL STORE #2815  /  VICT,2,52347,"901, 3RD  ST",5150,2021-10-04T00:00:00Z,2021-10-04T00:00:00Z
CASEY'S GENERAL STORE #2835 / AVOCA,2,51521,1019 N CHESTNUT ST,4785,2021-10-01T00:00:00Z,2021-10-01T00:00:00Z
CASEY'S GENERAL STORE #3025 / CARROLL,2,51401,613 US HWY 30 W,5749,2021-10-11T00:00:00Z,2021-10-11T00:00:00Z
CJ'S CONVENIENCE STORE / ELKADER,2,52043,107 1ST ST SW,5936,2021-10-01T00:00:00Z,2021-10-01T00:00:00Z
DUBUQUE WINE & SPIRITS,2,52002,3305 ASBURY RD,6132,2021-10-05T00:00:00Z,2021-10-05T00:00:00Z
FAREWAY STORES #912 / SIOUX CENTER,2,51250,115  1ST AVE NW,4256,2021-10-05T00:00:00Z,2021-10-05T00:00:00Z
FAREWAY STORES #974 / CEDAR FALLS,2,50613,214 N MAGNOLIA DR,4147,2021-10-07T00:00:00Z,2021-10-07T00:00:00Z
HY-VEE #1044 / BURLINGTON,2,52601,3140 AGENCY,2506,2021-10-01T00:00:00Z,2021-10-01T00:00:00Z
HY-VEE / WAUKEE,2,50263,1005 E HICKMAN RD,2665,2021-10-05T00:00:00Z,2021-10-05T00:00:00Z
HY-VEE FOOD STORE #3 / CEDAR RAPIDS,2,52404,20 WILSON AVENUE WEST,2552,2021-10-04T00:00:00Z,2021-10-04T00:00:00Z
HY-VEE STORE / PERRY,2,50220,1215  141 ST,2612,2021-10-01T00:00:00Z,2021-10-01T00:00:00Z
HY-VEE WINE AND SPIRITS / BETTENDORF,2,52722,2890 DEVILS GLEN ROAD,2603,2021-10-05T00:00:00Z,2021-10-05T00:00:00Z
KUM & GO #117 / SPIRIT LAKE,2,51360,300 18TH ST,4387,2021-10-06T00:00:00Z,2021-10-06T00:00:00Z
KUM & GO #1202 / WAUKEE,2,50263,650 W HICKMAN RD,4378,2021-10-01T00:00:00Z,2021-10-01T00:00:00Z
KUM & GO #184 / ALTOONA,2,50009,1430 1ST AVE NORTH,5499,2021-10-07T00:00:00Z,2021-10-07T00:00:00Z
MARLE HAY LIQUOR & SMOKE / DES MOINES,2,50310,3408 MERLE HAY ROAD,6215,2021-10-07T00:00:00Z,2021-10-07T00:00:00Z
NEW STAR FLETCHER / WATERLOO,2,50701,315 FLETCHER AVE,5900,2021-10-05T00:00:00Z,2021-10-05T00:00:00Z
PHILLIPS 66 / GRINNELL,2,50112,1031 WEST ST,5645,2021-10-06T00:00:00Z,2021-10-06T00:00:00Z
SMOKIN' JOE'S #16 TOBACCO AND LIQUOR OUTLET,2,52761,1504 PARK AVE,3907,2020-02-10T00:00:00Z,2020-02-10T00:00:00Z
WAL-MART 1415 / SPIRIT LAKE,2,51360,2600 HWY 71,3622,2021-10-06T00:00:00Z,2021-10-06T00:00:00Z
AMBYSURE INC / CLINTON,1,52732,1641 S BLUFF BLVD,5682,2021-10-04T00:00:00Z,2021-10-04T00:00:00Z
B AND B WEST,1,50613,3105 HUDSON RD,4932,2021-10-12T00:00:00Z,2021-10-12T00:00:00Z
CASEY'S GENERAL STORE # 3507/ GRIMES,1,50111,951 SE GATEWAY DR.,5332,2021-10-01T00:00:00Z,2021-10-01T00:00:00Z
CASEY'S GENERAL STORE #1329 / ESTHERVILLE,1,51334,8 CENTRAL AVE,5762,2021-10-27T00:00:00Z,2021-10-27T00:00:00Z
CASEY'S GENERAL STORE #1577 / ALBIA,1,52531,122 N MAIN ST,5756,2021-10-01T00:00:00Z,2021-10-01T00:00:00Z
CASEY'S GENERAL STORE #20 / ALDEN,1,50006,"1008, GRAND",4497,2021-10-04T00:00:00Z,2021-10-04T00:00:00Z
CASEY'S GENERAL STORE #2491 / CLARINDA,1,51632,1107 S 16TH ST,5785,2021-10-01T00:00:00Z,2021-10-01T00:00:00Z
CASEY'S GENERAL STORE #2526 / WELLSBURG,1,50680,308 N WASHINGTON,4657,2021-10-12T00:00:00Z,2021-10-12T00:00:00Z
CASEY'S GENERAL STORE #2550 / OSCEOLA,1,50213,1706 JEFFREYS DR,5541,2021-10-05T00:00:00Z,2021-10-05T00:00:00Z
CASEY'S GENERAL STORE #2614 / DONNELLSON,1,52625,201 MADISON AVE,4555,2020-02-26T00:00:00Z,2020-02-26T00:00:00Z
CASEY'S GENERAL STORE #3055 / GRUNDY CENTER,1,50638,"504, G AVE",4495,2021-10-04T00:00:00Z,2021-10-04T00:00:00Z
"CENTRAL MART I, LLC.",1,51106,"2501, FLOYD BLVD",5086,2021-10-06T00:00:00Z,2021-10-06T00:00:00Z
DISCOUNT LIQUOR,1,52402,2933 1ST AVE SE,5254,2021-10-04T00:00:00Z,2021-10-04T00:00:00Z
FAREWAY STORES #467 / MARSHALLTOWN,1,50158,102 WEST ANSON ST,4205,2021-10-06T00:00:00Z,2021-10-06T00:00:00Z
FAREWAY STORES #719 / LE MARS,1,51031,115 PLYMOUTH ST NE,4231,2021-10-05T00:00:00Z,2021-10-05T00:00:00Z
GLIDDEN GROCERY,1,51443,1408 DAKOTA STREET,5205,2021-10-11T00:00:00Z,2021-10-11T00:00:00Z
HY-VEE FOOD STORE / ELDORA,1,50627,1616 EDGINGTON,2628,2021-10-04T00:00:00Z,2021-10-04T00:00:00Z
HY-VEE WINE AND SPIRITS (1170) / ESTHERVILLE,1,NA,NA,2556,2023-04-19T00:00:00Z,2023-04-19T00:00:00Z
HY-VEE WINE AND SPIRITS / PELLA,1,50219,512 E OSKALOOSA,2642,2021-10-06T00:00:00Z,2021-10-06T00:00:00Z
HY-VEE WINE AND SPIRITS / WATERLOO!,1,50701,2126 KIMBALL AVE,2643,2022-10-26T00:00:00Z,2022-10-26T00:00:00Z
KEOKUK SPIRITS,1,52632,1013 MAIN,2191,2021-10-06T00:00:00Z,2021-10-06T00:00:00Z
KUM & GO #59 / WAUKEE,1,50263,400 PRAIRIE BLUFF DR,4868,2021-10-01T00:00:00Z,2021-10-01T00:00:00Z
KWIK SHOP #541 / GLENWOOD,1,51534,309 N LOCUST ST,4629,2021-10-01T00:00:00Z,2021-10-01T00:00:00Z
LANSING IGA,1,52151,417 MAIN ST,5017,2021-10-01T00:00:00Z,2021-10-01T00:00:00Z
LARCHWOOD QUICK STOP,1,51241,832 BROADWAY ST,4904,2021-10-05T00:00:00Z,2021-10-05T00:00:00Z
LIQUOR TOBACCO & VAPE / MANCHESTER,1,52057,316 E MAIN ST,6121,2021-10-05T00:00:00Z,2021-10-05T00:00:00Z
"LIQUOR, TOBACCO & GROCERY / DUBUQUE",1,52001,1998 JACKSON ST,5957,2021-10-05T00:00:00Z,2021-10-05T00:00:00Z
MARSHALL BEER WINE SPIRITS,1,50158,11 N 3RD AVE,5444,2021-10-04T00:00:00Z,2021-10-04T00:00:00Z
MONTEZUMA SUPER VALU,1,50171,201 S FRONT ST,3065,2021-10-01T00:00:00Z,2021-10-01T00:00:00Z
OASIS,1,50316,"1401, BUCHANAN ST",5131,2021-10-01T00:00:00Z,2021-10-01T00:00:00Z
PRIME MART #3 / WATERLOO,1,50702,1008 LAPORTE RD,4910,2021-10-05T00:00:00Z,2021-10-05T00:00:00Z
PRONTO MARKET / SUMNER,1,50674,117 W 1ST ST,5537,2021-10-05T00:00:00Z,2021-10-05T00:00:00Z
RANDALL'S STOP N SHOP,1,50643,320 5TH ST,5526,2021-10-05T00:00:00Z,2021-10-05T00:00:00Z
ROCSTOP,1,51601,1310 W SHERIDAN AVE,4937,2021-10-01T00:00:00Z,2021-10-01T00:00:00Z
SAM'S CLUB 8238 / DAVENPORT,1,52807,3845 ELMORE AVE.,3354,2021-10-05T00:00:00Z,2021-10-05T00:00:00Z
SOUTH SIDE FOOD MART,1,50315,1101 ARMY POST RD,5145,2021-10-01T00:00:00Z,2021-10-01T00:00:00Z
SUPER SAVER LIQUOR -MUSCATINE,1,52761,1510 A ISETT AVENUE,5735,2021-10-05T00:00:00Z,2021-10-05T00:00:00Z
TAYLOR QUIK PIK - COUNCIL BLUFFS,1,51503,14151 WABASH AVENUE,5861,2021-10-06T00:00:00Z,2021-10-06T00:00:00Z
THE LIQUOR CABINET / CLIVE,1,50325,9761 UNIVERSITY AVE.,6198,2021-10-25T00:00:00Z,2021-10-25T00:00:00Z
THE MARKET OF MADRID,1,50156,301 ANNEX RD,3831,2021-10-01T00:00:00Z,2021-10-01T00:00:00Z
THE STATION II / NORTH LIBERTY,1,52317,"620, MEADE DR",5225,2021-10-12T00:00:00Z,2021-10-12T00:00:00Z
WAL-MART 0559 / MUSCATINE,1,52761,3003 NORTH HWY 61,3563,2021-10-05T00:00:00Z,2021-10-05T00:00:00Z
WALGREENS #05361 / FORT DODGE,1,50501,2503 5TH AVE S,4702,2021-10-08T00:00:00Z,2021-10-08T00:00:00Z
